2021-10-24T07:43:48.041Z,62.1216,-149.3807,13.8,2.5
2021-10-24T05:33:53.624Z,59.7783,-152.9962,100.1,2.5
2021-10-24T03:37:05.189Z,47.9332,-114.0958,5,2.5
2021-10-23T21:12:54.616Z,38.2099,-117.8643,10.1,2.5
2021-10-23T18:51:48.361Z,60.0054,-140.7698,4.8,2.5
2021-10-22T20:29:30.481Z,63.5323,-147.2791,1.3,2.5
2021-10-22T11:00:48.536Z,44.5237,-115.2335,5,2.5
2021-10-22T02:39:48.803Z,31.65042698,-104.2361899,7.365551758,2.5
2021-10-21T03:31:03.710Z,55.448,-131.3201,9.6,2.5
2021-10-19T15:11:04.808Z,65.708,-144.4803,0,2.5
2021-10-19T14:56:27.202Z,49.7257,-123.6266,5,2.5
2021-10-19T08:24:50.815Z,59.8247,-152.8917,97.5,2.5
2021-10-19T06:51:40.454Z,56.6934,-156.1376,6.8,2.5
2021-10-18T18:57:38.704Z,59.8447,-152.8363,97.6,2.5
2021-10-18T14:12:03.739Z,63.072,-151.4639,0,2.5
2021-10-17T16:06:45.033Z,59.9996,-140.1691,7.9,2.5
2021-10-17T08:30:30.855Z,58.7867,-152.7302,49.5,2.5
2021-10-17T01:08:19.033Z,36.2576,-106.7792,5,2.5
2021-10-16T09:21:12.998Z,56.3512,-156.5948,17.6,2.5
2021-10-15T23:58:26.834Z,56.2382,-156.4472,77.6,2.5
2021-10-14T12:50:51.828Z,56.2789,-156.5792,45.9,2.5
2021-10-13T15:50:13.563Z,55.8553,-155.7648,14.4,2.5
2021-10-13T01:54:30.991Z,55.8965,-156.2211,47,2.5
2021-10-12T16:23:39.551Z,38.8599,-97.3138,5,2.5
2021-10-12T13:15:24.771Z,62.8956,-150.5814,85.7,2.5
2021-10-11T05:45:35.419Z,44.2675,-115.0535,10,2.5
2021-10-11T01:01:35.970Z,18.84533333,-155.5163333,35.87,2.5
2021-10-10T17:25:28.049Z,29.33441162,-97.37764246,6.333780924,2.5
2021-10-10T11:41:28.375Z,29.33258057,-97.37971048,3.888305664,2.5
2021-10-09T22:58:23.644Z,31.70791165,-104.0190473,7.005639648,2.5
2021-10-09T22:15:28.720Z,60.198,-139.6211,0,2.5
2021-10-09T07:16:15.967Z,44.3037,-115.0723,10,2.5
2021-10-09T06:23:50.692Z,44.3226,-115.0798,10,2.5
2021-10-08T19:10:36.600Z,17.9005,-66.9586,7,2.5
2021-10-07T15:24:39.651Z,31.60897138,-104.5067478,9.242236328,2.5
2021-10-06T19:55:30.249Z,59.6864,-152.7521,86.2,2.5
2021-10-06T18:51:32.275Z,59.9981,-145.7143,18.6,2.5
2021-10-04T22:38:14.713Z,67.3388,-156.1455,0,2.5
2021-10-04T18:05:05.152Z,31.71942974,-104.0110254,7.416967773,2.5
2021-10-04T03:07:58.089Z,44.2697,-115.0233,10,2.5
2021-10-04T00:19:49.360Z,58.7852,-144.1368,43.1,2.5
2021-10-03T15:42:17.491Z,46.6685,10.8035,10,2.5
2021-10-03T14:13:36.520Z,36.36383333,-98.14816667,7.73,2.5
2021-10-03T05:23:15.429Z,31.71066916,-104.0190609,8.239624023,2.5
2021-10-02T17:48:18.180Z,17.9378,-66.8763,10,2.5
2021-10-02T15:08:07.093Z,59.6615,-146.9579,17.8,2.5
2021-10-02T13:46:37.788Z,31.61612205,-104.1041348,8.188208008,2.5
2021-10-02T13:40:41.096Z,28.60748291,-100.1094899,2.176472982,2.5
2021-10-01T22:42:11.377Z,32.10479736,-102.0999667,8.974894206,2.5
2021-10-01T15:31:04.473Z,38.1338,-117.8873,8.5,2.5
2021-09-30T12:03:41.690Z,19.42783333,-155.273,0.24,2.5
2021-09-30T00:38:50.790Z,19.41416667,-155.2828333,0.28,2.5
2021-09-29T16:32:00.841Z,58.3686,-133.5345,5.51,2.5
2021-09-29T07:54:54.365Z,31.68424885,-104.3869134,7.082763672,2.5
2021-09-28T18:08:04.761Z,59.2605,-135.8043,19.9,2.5
2021-09-28T02:05:58.148Z,36.9044,-115.9674,4.7,2.5
2021-09-27T05:27:20.900Z,31.6467419,-104.2377776,6.234399414,2.5
2021-09-26T06:51:43.210Z,31.67005314,-104.3028123,6.157275391,2.5
2021-09-25T05:20:03.546Z,60.1682,-141.2792,2.8,2.5
2021-10-18T07:36:12.960Z,37.0533333,-117.9296667,1.77,2.51
2021-10-18T00:41:49.100Z,36.2098333,-117.856,4.61,2.51
2021-10-01T07:37:54.810Z,19.217,-155.4168333,34.05,2.51
2021-10-03T18:33:31.630Z,19.14850044,-155.4488373,32.72999954,2.51999998
2021-10-19T15:06:51.210Z,17.8583,-66.8528,4,2.52
2021-10-16T21:10:18.570Z,38.5495,-119.5253333,4.44,2.52
2021-10-14T17:08:46.270Z,17.8251,-66.8418,3,2.52
2021-10-10T23:06:08.040Z,19.20066667,-155.4406667,33.81,2.52
2021-10-08T03:58:23.620Z,41.1355,-122.1508333,6.64,2.52
2021-10-08T03:20:42.810Z,44.3015,-115.0325,9.6,2.52
2021-10-07T01:10:40.950Z,44.3866667,-115.2188333,8.46,2.52
2021-09-30T00:37:09.070Z,19.414,-155.278,-0.22,2.52
2021-09-28T08:17:14.240Z,18.0201,-66.933,6,2.52
2021-10-24T03:05:34.210Z,17.8265,-66.821,6,2.53
2021-10-19T14:54:35.330Z,17.928,-66.8588,18,2.53
2021-10-11T03:18:39.670Z,18.841,-155.5135,36.74,2.53
2021-10-09T19:54:34.660Z,36.9081667,-122.2165,5.09,2.53
2021-09-30T21:32:20.050Z,19.295,-155.0518333,38.07,2.53
2021-10-24T18:15:45.420Z,19.15800095,-155.47966,32.27999878,2.54
2021-10-22T13:55:27.680Z,38.527832,-119.4051666,2.25,2.54
2021-10-13T18:43:44.970Z,44.472,-115.2276667,4.93,2.54
2021-10-10T23:24:53.730Z,18.85866667,-155.5128333,35.13,2.54
2021-10-10T02:58:05.880Z,17.957,-66.8725,11,2.54
2021-10-10T01:18:10.380Z,31.7978333,-116.0445,5.75,2.54
2021-10-04T22:36:13.430Z,46.7956667,-112.0285,10.62,2.54
2021-10-21T04:06:38.850Z,17.9545,-66.813,12,2.55
2021-10-18T04:11:48.490Z,17.9085,-66.8526,14,2.55
2021-10-10T22:21:17.870Z,18.84516667,-155.5173333,35,2.55
2021-10-07T02:18:48.580Z,40.6101667,-122.452,22.17,2.55
2021-09-27T03:46:09.830Z,20.008,-155.5076667,22.64,2.55
2021-10-24T04:09:22.630Z,38.8243332,-122.8529968,2.26,2.56
2021-10-20T14:07:02.450Z,36.677166,-121.3123322,7.58,2.56
2021-10-10T01:35:27.720Z,17.8075,-66.9306,10,2.56
2021-10-09T22:51:25.620Z,38.7865,-122.7673333,1.6,2.56
2021-09-30T01:10:42.720Z,19.41733333,-155.2811667,0.18,2.56
2021-09-27T13:37:24.600Z,37.2785,-80.201,12.41,2.56
2021-10-09T22:48:13.100Z,43.7908333,-110.9225,10.94,2.57
2021-10-08T07:54:07.250Z,17.8933,-66.9571,8,2.57
2021-09-27T18:18:10.390Z,19.40633333,-155.2838333,1.15,2.57
2021-10-18T10:13:44.920Z,38.5316667,-119.4101667,2.08,2.58
2021-10-16T10:32:12.750Z,44.3603333,-114.7823333,7.12,2.58
2021-10-12T20:51:12.200Z,17.9415,-66.9636,13,2.58
2021-09-30T01:12:10.570Z,19.39833333,-155.2831667,-0.45,2.58
2021-09-29T09:32:34.830Z,19.34199905,-155.1993408,2.220000029,2.58
2021-10-13T21:41:33.990Z,38.8086667,-122.8123333,1.79,2.59
2021-10-12T00:00:19.430Z,19.15816667,-155.4798333,32.61,2.59
2021-10-10T22:30:11.720Z,18.851,-155.5345,37.22,2.59
2021-10-10T04:38:02.040Z,38.7858333,-122.766,1.66,2.59
2021-10-09T22:02:52.210Z,44.3586667,-115.2086667,9.06,2.59
2021-10-09T10:12:22.590Z,44.2766667,-115.0771667,7.65,2.59
2021-09-30T01:12:09.570Z,19.39916667,-155.2855,0.34,2.59
2021-09-30T00:45:12.870Z,19.41016667,-155.285,-0.01,2.59
2021-09-26T00:24:35.940Z,17.9105,-66.9206,5,2.59
2021-09-25T16:21:00.570Z,44.4621667,-115.191,6.86,2.59
2021-10-22T04:34:47.940Z,18.9576664,-155.4753265,-2.089999914,2.5999999
2021-10-23T11:04:30.160Z,61.4177,-152.1043,102.6,2.6
2021-10-23T08:00:22.052Z,31.645,-104.4014,5,2.6
2021-10-21T23:31:59.300Z,63.0808,-150.8144,123.3,2.6
2021-10-21T16:37:55.752Z,56.3463,-156.4873,1.7,2.6
2021-10-20T08:04:19.987Z,67.1497,-141.875,0,2.6
2021-10-20T07:09:00.768Z,56.3566,-156.6204,18,2.6
2021-10-19T12:25:47.380Z,17.9391,-66.8466,12,2.6
2021-10-18T06:33:40.665Z,60.0544,-140.1774,9.4,2.6
2021-10-18T04:14:41.489Z,31.70739361,-104.0352,8.033959961,2.6
2021-10-16T22:34:15.857Z,31.66371444,-104.3635857,7.031347656,2.6
2021-10-16T08:52:00.731Z,63.4901,-151.2311,5.7,2.6
2021-10-15T04:22:49.516Z,60.0546,-139.9955,10.1,2.6
2021-10-13T19:06:03.421Z,63.2837,-151.6892,8.1,2.6
2021-10-13T00:23:50.094Z,56.3634,-156.4867,76.2,2.6
2021-10-12T03:32:09.337Z,31.65968688,-104.4846563,6.465771484,2.6
2021-10-11T14:12:53.807Z,56.2498,-156.5319,65.4,2.6
2021-10-11T03:53:41.602Z,29.36737061,-97.37971048,2.518839518,2.6
2021-10-11T01:48:29.200Z,18.87633333,-155.5153333,34.66,2.6
2021-10-09T13:29:45.423Z,44.2978,-115.0655,10,2.6
2021-10-09T06:01:50.331Z,44.3113,-115.1128,10,2.6
2021-10-07T22:11:23.992Z,67.3164,-156.3162,1.1,2.6
2021-10-07T19:51:22.650Z,19.16183333,-155.4713333,35.34,2.6
2021-10-07T17:22:44.656Z,63.5797,-147.2805,0,2.6
2021-10-07T13:47:00.805Z,62.4079,-150.5657,57.2,2.6
2021-10-07T06:50:44.365Z,31.67847833,-104.3908999,6.131567383,2.6
2021-10-06T23:35:03.206Z,44.3118,-115.089,7.43,2.6
2021-10-06T20:57:29.163Z,44.3638,-115.2368,10,2.6
2021-10-06T09:50:11.502Z,19.2386,-155.5055,35,2.6
2021-10-06T03:49:35.490Z,51.6229,-178.5447,21.47,2.6
2021-10-05T23:05:00.176Z,19.2405,-155.4558,35.54,2.6
2021-10-05T11:55:04.246Z,31.7582896,-103.8401442,6.568603516,2.6
2021-10-05T00:02:06.210Z,37.3931,-117.1145,4.8,2.6
2021-10-04T09:52:21.652Z,61.1799,-149.6982,36.6,2.6
2021-10-04T07:38:45.468Z,44.3153,-115.0503,10,2.6
2021-10-04T05:59:49.904Z,31.6685681,-104.395387,6.979931641,2.6
2021-10-04T02:56:21.179Z,44.3089,-115.0657,7.03,2.6
2021-10-03T20:10:01.749Z,31.71683548,-104.2792191,6.799975586,2.6
2021-10-02T17:08:29.017Z,67.3259,-156.3803,0,2.6
2021-10-02T02:42:36.152Z,61.3743,-152.2164,119.7,2.6
2021-09-30T04:19:43.098Z,31.61472539,-104.2934951,7.725463867,2.6
2021-09-29T08:18:20.000Z,31.68265242,-104.3850149,6.131567383,2.6
2021-09-29T02:58:30.040Z,60.7214,-146.9712,19.9,2.6
2021-09-28T21:03:09.785Z,31.67184043,-104.4557077,7.391259766,2.6
2021-09-28T20:45:08.934Z,62.6915,-155.1098,1.7,2.6
2021-09-28T18:41:53.355Z,19.2258,-155.4413,42.66,2.6
2021-09-28T04:25:24.539Z,59.9842,-140.1737,8.3,2.6
2021-09-27T22:53:14.382Z,61.7853,-151.6048,85.7,2.6
2021-09-26T13:56:10.618Z,51.1723,-179.0835,20.6,2.6
2021-09-26T00:18:27.180Z,54.1471,-156.4186,33.4,2.6
2021-10-23T15:29:33.690Z,17.9433,-66.9821,10,2.61
2021-10-16T04:20:19.830Z,35.4463333,-118.2773333,6.87,2.61
2021-10-14T02:52:37.220Z,18.0285,-66.7336,16,2.61
2021-10-05T00:30:08.810Z,44.7503333,-110.6238333,4.92,2.61
2021-09-30T01:04:13.120Z,19.4165,-155.2796667,0.03,2.61
2021-09-26T11:51:03.000Z,38.532,-119.4268333,3.15,2.61
2021-10-24T11:10:51.670Z,38.8348351,-122.8075027,2.3,2.62
2021-10-10T16:36:42.730Z,19.17,-155.094,51.89,2.62
2021-10-06T20:56:16.900Z,19.21816667,-155.4381667,33.7,2.62
2021-10-02T06:36:35.910Z,17.8408,-66.8775,14,2.63
2021-09-28T10:35:08.090Z,19.18866667,-155.4823333,37.56,2.63
2021-09-27T11:40:16.490Z,19.17716667,-155.4553333,36.58,2.63
2021-09-25T21:18:42.950Z,19.78983307,-156.4148407,1.960000038,2.63
2021-10-23T12:10:45.940Z,18.1386,-67.1668,19,2.64
2021-10-22T01:28:36.060Z,17.8041,-66.7605,7,2.64
2021-10-15T02:41:22.060Z,17.925,-66.8233,13,2.64
2021-10-01T08:44:23.830Z,19.15716667,-155.4823333,33.11,2.64
2021-09-29T09:32:46.140Z,19.36883333,-155.2121667,1.75,2.64
2021-09-25T15:07:34.110Z,33.1631667,-116.382,8.09,2.64
2021-10-16T12:32:30.620Z,44.1046667,-114.9766667,10.98,2.65
2021-10-09T11:34:35.420Z,44.2838333,-115.1845,10.3,2.65
2021-10-08T23:07:40.609Z,35.6535,-97.17016667,6.93,2.65
2021-09-26T19:54:24.950Z,40.3418333,-124.9745,19.29,2.65
2021-10-20T07:05:32.200Z,18.0288,-66.7865,14,2.66
2021-10-20T00:18:08.880Z,38.0545006,-118.7526703,15.51,2.67
2021-10-06T20:26:31.920Z,19.18516667,-155.4843333,37.66,2.67
2021-10-03T12:54:56.400Z,19.18133333,-155.4756667,35.97,2.67
2021-09-30T17:50:26.090Z,19.18633333,-155.4646667,35.34,2.67
2021-09-30T00:49:17.530Z,19.41166667,-155.2846667,0.09,2.67
2021-09-28T06:39:20.610Z,19.17266667,-155.4841667,35.4,2.67
2021-10-18T12:57:43.550Z,20.01866667,-156.065,7.1,2.68
2021-10-18T08:28:33.980Z,19.15683333,-155.5018333,32.33,2.68
2021-10-09T10:01:41.830Z,44.2763333,-115.076,7.42,2.68
2021-09-30T06:01:23.500Z,19.39633333,-155.283,0.48,2.68
2021-09-25T15:35:57.220Z,38.4858333,-119.5198333,4.22,2.68
2021-10-24T05:23:01.200Z,19.70549965,-155.7226715,94.77999878,2.68000007
2021-10-17T21:41:06.920Z,36.213,-117.8613333,4.1,2.69
2021-10-04T16:36:51.450Z,37.8718333,-121.6375,4.43,2.69
2021-10-23T12:23:13.219Z,69.1119,-144.7088,0,2.7
2021-10-22T20:29:15.014Z,64.3957,-146.7594,5,2.7
2021-10-19T23:18:14.027Z,56.8273,-155.8092,5.2,2.7
2021-10-19T12:47:41.000Z,18.0321,-66.8021,15,2.7
2021-10-19T04:52:59.356Z,47.7631,-69.8984,15.92,2.7
2021-10-16T10:09:33.069Z,36.2569,-106.7809,5.56,2.7
2021-10-16T05:44:59.888Z,59.9766,-141.6126,7.8,2.7
2021-10-14T23:22:31.259Z,31.67586515,-104.4040658,7.494091797,2.7
2021-10-14T14:09:59.668Z,56.3887,-156.6781,58.1,2.7
2021-10-11T22:49:02.821Z,31.68498564,-104.4149163,7.391259766,2.7
2021-10-11T09:44:39.191Z,56.361,-156.4747,81.9,2.7
2021-10-11T06:08:15.190Z,44.3035,-115.0992,10,2.7
2021-10-11T06:04:56.160Z,44.3126,-115.1023,10,2.7
2021-10-10T19:25:53.388Z,44.2866,-115.186,10,2.7
2021-10-10T05:30:22.143Z,60.9252,-149.715,27.8,2.7
2021-10-09T13:12:06.798Z,61.5508,-149.8716,30.5,2.7
2021-10-09T09:38:55.990Z,17.8988,-66.7963,6,2.7
2021-10-09T07:19:03.604Z,44.3119,-115.0545,10,2.7
2021-10-08T13:51:23.203Z,31.67664352,-104.3903452,6.542895508,2.7
2021-10-08T13:17:49.071Z,44.3135,-115.0272,9.03,2.7
2021-10-08T12:16:55.476Z,31.67458066,-104.3895193,6.825683594,2.7
2021-10-08T07:11:07.268Z,31.67938011,-104.3935997,6.74855957,2.7
2021-10-07T07:53:46.285Z,41.4088,-126.0204,10,2.7
2021-10-07T01:14:03.828Z,63.1036,-152.0267,0,2.7
2021-10-04T23:18:56.411Z,59.1385,-138.2307,0.1,2.7
2021-10-04T05:30:38.795Z,59.8121,-153.055,94.2,2.7
2021-10-03T16:37:23.840Z,31.925,-116.2903333,16.73,2.7
2021-10-03T01:46:57.522Z,31.71159977,-104.0158343,7.982543945,2.7
2021-10-02T03:01:46.220Z,45.597,-111.8357,5,2.7
2021-10-01T22:38:24.562Z,32.10571289,-102.0946075,8.118977865,2.7
2021-10-01T02:21:17.595Z,59.1063,-152.2764,66.9,2.7
2021-09-28T21:55:14.242Z,44.33,-114.7268,10,2.7
2021-09-28T21:37:09.456Z,58.3404,-133.5359,7.27,2.7
2021-09-28T14:04:47.135Z,58.126,-133.772,3.6,2.7
2021-09-28T09:52:41.280Z,56.814,-157.4065,139,2.7
2021-09-26T15:15:10.990Z,19.18483333,-155.4813333,37.2,2.7
2021-09-25T17:01:59.084Z,61.597,-149.7015,19.1,2.7
2021-09-24T20:39:33.843Z,59.6154,-152.7536,78.1,2.7
2021-10-12T09:15:02.640Z,18.83316667,-155.5103333,36.31,2.71
2021-10-11T20:38:55.100Z,37.4445,-118.5426667,10.19,2.71
2021-10-05T17:52:14.080Z,33.0553333,-115.5843333,11.14,2.71
2021-10-24T17:55:10.730Z,35.518,-83.9618333,7.62,2.72
2021-10-12T08:39:18.540Z,18.87033333,-155.5251667,35.82,2.72
2021-10-08T12:06:11.640Z,40.577,-124.9398333,9.24,2.72
2021-10-06T07:16:48.260Z,19.211,-155.3955,31.59,2.72
2021-09-28T10:38:49.890Z,19.19166667,-155.474,34.76,2.72
2021-10-23T04:28:00.420Z,38.8288345,-122.8008347,1.85,2.73
2021-10-20T05:20:51.710Z,38.7931671,-122.8154984,2.87,2.73
2021-10-13T13:43:28.830Z,19.19033333,-155.7025,1.06,2.73
2021-10-08T14:24:02.930Z,19.22383333,-155.4231667,36.04,2.73
2021-10-04T08:30:41.870Z,17.9428,-66.933,14,2.73
2021-10-01T05:12:19.310Z,38.783,-122.7513333,0.05,2.73
2021-09-30T00:52:32.900Z,19.3815,-155.2331667,1.77,2.73
2021-09-27T22:27:55.090Z,40.2585,-124.1636667,12.3,2.73
2021-10-16T01:12:45.220Z,18.87266667,-155.5105,34.86,2.74
2021-10-06T03:11:00.450Z,18.0146,-66.8718,11,2.74
2021-10-05T03:18:13.710Z,44.3703333,-115.2158333,10.71,2.74
2021-10-01T12:07:07.190Z,17.9431,-65.6536,18,2.74
2021-09-28T13:55:26.100Z,38.5416667,-119.543,3.23,2.74
2021-09-25T13:33:53.020Z,19.18816667,-155.4816667,38.24,2.74
2021-10-23T13:34:44.980Z,37.9941673,-122.2505035,9.76,2.75
2021-10-18T22:11:35.620Z,19.2195,-155.4091667,33.65,2.75
2021-10-06T15:19:09.180Z,19.17866667,-155.4755,35.41,2.75
2021-09-29T06:16:34.250Z,36.7915,-121.9148333,8.48,2.75
2021-09-25T18:03:01.550Z,17.953,-66.984,9,2.75
2021-10-21T22:35:35.560Z,37.2191658,-119.2789993,8.26,2.76
2021-10-18T09:42:15.540Z,36.196,-120.3048333,10.33,2.76
2021-10-16T22:55:40.090Z,37.4945,-118.7495,14.02,2.76
2021-10-10T09:31:50.850Z,19.156,-155.481,33.22,2.76
2021-09-30T06:37:41.190Z,40.3041667,-124.3655,30.38,2.76
2021-09-30T05:33:23.000Z,19.42466667,-155.2725,0.19,2.76
2021-09-26T17:52:50.290Z,36.0123333,-120.24,15.64,2.76
2021-10-20T08:52:50.720Z,36.6793327,-121.3115005,4.82,2.77
2021-10-18T14:00:23.630Z,17.9095,-66.8888,16,2.77
2021-10-13T15:50:34.780Z,19.32933333,-155.1155,3.95,2.77
2021-10-04T21:07:58.340Z,17.7801,-66.9681,4,2.77
2021-09-26T15:34:07.440Z,17.9278,-66.8478,11,2.77
2021-10-19T19:11:10.090Z,33.6611667,-116.7676667,13.84,2.78
2021-10-17T08:49:14.330Z,17.9443,-66.8491,11,2.78
2021-10-09T03:49:56.010Z,40.5908333,-124.9241667,19.57,2.78
2021-10-12T04:09:48.300Z,18.858,-155.5111667,35.26,2.79
2021-10-23T09:14:19.150Z,69.117,-144.5842,3.4,2.8
2021-10-21T11:56:45.068Z,56.0947,-156.5147,61.8,2.8
2021-10-19T23:32:18.192Z,31.71298043,-104.0153025,7.725463867,2.8
2021-10-19T01:02:45.215Z,57.5382,-154.267,35.9,2.8
2021-10-16T14:56:12.210Z,58.696,-153.1201,44.3,2.8
2021-10-16T14:30:12.540Z,56.2828,-156.5109,19.1,2.8
2021-10-16T04:27:34.521Z,56.3049,-156.5195,50.5,2.8
2021-10-14T13:24:55.184Z,51.6297,178.9512,71.58,2.8
2021-10-12T07:45:29.246Z,56.2663,-156.5332,78.9,2.8
2021-10-11T00:16:10.014Z,58.1154,-154.6722,8.5,2.8
2021-10-10T23:04:10.136Z,51.2395,-179.0474,28.18,2.8
2021-10-09T07:20:14.483Z,44.3295,-115.0925,10,2.8
2021-10-09T01:14:51.897Z,62.9922,-148.6892,54.9,2.8
2021-10-09T01:04:39.386Z,59.976,-141.3667,17.7,2.8
2021-10-08T06:36:33.664Z,51.6649,-178.4899,10,2.8
2021-10-08T03:50:17.304Z,44.3047,-115.0142,10,2.8
2021-10-07T07:18:29.980Z,18.2936,-66.3018,22,2.8
2021-10-06T18:21:33.488Z,68.0588,-162.2695,14.6,2.8
2021-10-06T01:46:47.640Z,31.71966647,-104.3454873,6.799975586,2.8
2021-10-05T15:30:57.271Z,55.8222,-149.3674,7.05,2.8
2021-10-05T07:30:43.930Z,37.3928,-117.1122,2.5,2.8
2021-10-03T22:55:31.609Z,59.4418,-146.9114,10.6,2.8
2021-10-03T01:34:37.390Z,44.2856,-115.0273,10,2.8
2021-09-30T13:59:46.220Z,31.67710655,-104.3898109,7.365551758,2.8
2021-09-29T19:07:54.966Z,58.39,-133.325,3.1,2.8
2021-09-29T10:37:07.909Z,58.15,-133.3639,7.7,2.8
2021-09-29T03:14:06.038Z,58.3059,-133.6127,7.72,2.8
2021-09-28T02:13:43.864Z,63.6257,-150.7716,0,2.8
2021-09-27T17:06:13.438Z,31.64754112,-104.2165258,7.288427734,2.8
2021-09-26T21:32:34.042Z,59.7023,-151.918,54.1,2.8
2021-09-26T11:15:25.502Z,38.159,-117.8412,10,2.8
2021-09-26T03:22:33.472Z,55.2958,-158.2098,27.1,2.8
2021-09-24T22:47:12.326Z,44.2872,-115.0081,10,2.8
2021-10-12T05:04:17.400Z,17.9293,-66.8411,11,2.81
2021-10-09T04:44:53.280Z,17.9151,-66.802,10,2.81
2021-09-26T15:05:35.690Z,19.18566667,-155.4831667,37.9,2.81
2021-09-25T20:18:07.400Z,40.643,-125.1266667,6.58,2.81
2021-10-16T23:49:47.900Z,45.0561667,-114.3693333,6.93,2.82
2021-10-14T13:33:47.090Z,43.7791667,-107.2478333,16.66,2.82
2021-10-05T16:46:59.920Z,19.18033333,-155.493,37.23,2.82
2021-09-27T16:49:14.620Z,33.0441667,-80.1621667,5.79,2.82
2021-10-24T05:25:52.060Z,17.9605,-66.9553,10,2.83
2021-10-24T03:53:39.770Z,38.8251648,-122.8539963,2.48,2.83
2021-10-17T02:55:02.370Z,37.5491667,-121.6998333,3.39,2.83
2021-10-08T01:08:52.450Z,40.5936667,-124.9208333,23.81,2.83
2021-10-03T20:45:23.020Z,19.20766667,-155.3916667,32.83,2.83
2021-09-29T22:20:35.910Z,36.5788333,-121.1843333,7.96,2.83
2021-09-26T06:06:29.670Z,19.20533333,-155.4348333,34.1,2.83
2021-10-01T08:26:07.500Z,19.182,-155.4835,37.65,2.84
2021-10-23T11:27:17.810Z,32.0555,-117.4541667,5.91,2.85
2021-10-07T03:32:16.910Z,17.8766,-66.8881,12,2.85
2021-10-06T19:31:26.360Z,19.228,-155.3931667,32.93,2.85
2021-10-05T15:32:23.540Z,33.7835,-116.0545,7.1,2.86
2021-09-28T01:50:08.900Z,17.9708,-66.9865,6,2.86
2021-10-23T13:31:31.810Z,17.988,-66.8183,12,2.87
2021-10-18T07:33:41.420Z,17.8453,-66.8805,13,2.87
2021-10-17T09:12:39.660Z,17.9228,-66.6903,32,2.87
2021-10-10T22:55:28.710Z,18.86883333,-155.5158333,35.52,2.87
2021-10-10T10:22:06.470Z,17.9841,-66.8486,12,2.87
2021-10-02T13:47:41.800Z,19.17266667,-155.4923333,34.85,2.87
2021-10-17T14:13:43.520Z,17.9508,-66.8931,14,2.88
2021-10-14T08:05:08.410Z,17.9793,-66.8276,14,2.88
2021-10-10T22:23:15.030Z,18.88183333,-155.5131667,35.68,2.88
2021-09-29T09:34:29.850Z,19.3695,-155.2136667,1.7,2.88
2021-09-27T15:32:00.070Z,38.517,-119.4063333,3.38,2.88
2021-10-22T04:34:44.430Z,19.1845,-155.4818333,38.28,2.89
2021-10-20T01:15:34.830Z,36.2158333,-117.8601667,4.9,2.89
2021-10-18T10:14:20.510Z,36.8146667,-121.5498333,6.79,2.89
2021-10-17T15:57:37.710Z,18.0065,-66.822,16,2.89
2021-10-16T04:39:32.000Z,18.0075,-66.7288,14,2.89
2021-10-24T14:26:21.551Z,31.59445233,-104.0018155,7.93112793,2.9
2021-10-22T14:56:27.233Z,61.5393,-150.9013,23.5,2.9
2021-10-22T02:09:49.382Z,56.2789,-154.735,0,2.9
2021-10-22T01:45:04.712Z,56.2076,-149.757,10,2.9
2021-10-21T02:25:59.215Z,42.5175,-111.186,5,2.9
2021-10-20T17:10:39.403Z,51.3337,-175.6366,59.6,2.9
2021-10-20T08:03:26.433Z,31.66177696,-104.342308,6.131567383,2.9
2021-10-19T22:09:26.339Z,31.71574552,-104.0131618,7.416967773,2.9
2021-10-19T20:25:53.901Z,56.284,-156.6201,16.7,2.9
2021-10-19T13:14:12.539Z,59.8912,-153.3194,123.6,2.9
2021-10-18T18:12:52.790Z,19.2145,-155.405,32.84,2.9
2021-10-18T00:27:33.841Z,31.65633444,-104.5642811,6.979931641,2.9
2021-10-17T16:58:41.337Z,31.71388242,-104.0201538,7.622631836,2.9
2021-10-17T16:50:32.230Z,39.7918333,-121.9966667,16.72,2.9
2021-10-16T08:30:50.500Z,46.3613,-116.6163,10,2.9
2021-10-16T06:31:50.897Z,38.1314,-117.9823,9.7,2.9
2021-10-15T18:46:40.366Z,63.2439,-150.6125,121.9,2.9
2021-10-15T02:45:40.059Z,56.407,-156.515,7.5,2.9
2021-10-14T02:34:24.185Z,55.1768,-159.3842,35,2.9
2021-10-12T16:53:58.252Z,38.171,-117.8477,9.8,2.9
2021-10-11T19:35:57.427Z,56.2846,-156.4769,28.6,2.9
2021-10-11T16:28:28.786Z,61.8777,-149.3333,0.2,2.9
2021-10-11T09:28:47.182Z,56.2908,-156.5319,48.6,2.9
2021-10-10T01:00:28.682Z,57.3342,-156.0804,0,2.9
2021-10-09T09:00:38.226Z,44.3072,-115.0431,10,2.9
2021-10-08T03:14:16.422Z,44.2675,-114.9866,10,2.9
2021-10-07T20:10:51.082Z,56.4033,-149.248,10,2.9
2021-10-07T10:20:09.511Z,31.68652249,-104.3907024,6.722851562,2.9
2021-10-06T17:41:22.096Z,68.0586,-162.1984,10.8,2.9
2021-10-06T09:01:37.201Z,56.4094,-156.4687,65.2,2.9
2021-10-05T13:04:14.568Z,69.6056,-144.2668,0,2.9
2021-10-05T03:07:35.732Z,37.3863,-117.1124,5.1,2.9
2021-10-05T02:44:09.640Z,59.5154,-152.396,63.3,2.9
2021-10-04T05:00:28.867Z,31.60479412,-104.2611416,7.005639648,2.9
2021-09-30T10:58:28.149Z,35.09833333,-95.38883333,8.62,2.9
2021-09-30T03:10:03.320Z,19.82833333,-156.1476667,2.14,2.9
2021-09-28T04:18:51.067Z,31.68321822,-104.4041325,6.157275391,2.9
2021-09-26T02:26:09.399Z,51.7605,-174.4688,35,2.9
2021-09-26T00:26:11.946Z,53.2033,-164.1751,26.32,2.9
2021-09-25T06:17:32.179Z,32.12127686,-102.1642769,8.387980143,2.9
2021-10-08T00:44:53.990Z,35.9543333,-119.886,29.21,2.91
2021-10-22T04:23:52.000Z,19.6545,-68.8105,42,2.92
2021-10-10T22:12:45.540Z,18.87866667,-155.5195,34.96,2.92
2021-09-28T19:54:10.340Z,19.1575,-155.485,33.44,2.92
2021-10-02T19:04:44.030Z,35.5881667,-117.4946667,7.29,2.93
2021-10-17T00:08:03.330Z,19.15683333,-155.5011667,32.13,2.95
2021-10-16T14:11:59.910Z,51.33816667,-179.1363333,12.03,2.95
2021-10-11T01:29:15.710Z,19.1725,-155.4918333,31.67,2.95
2021-09-25T12:12:08.550Z,38.5371667,-119.4815,6.38,2.95
2021-09-24T23:17:04.740Z,17.9836,-67.1066,14,2.96
2021-10-16T07:04:49.000Z,17.989,-66.8358,17,2.97
2021-10-15T19:54:07.920Z,38.9293333,-123.0351667,4.42,2.97
2021-10-12T16:35:59.490Z,19.1715,-155.4841667,35.84,2.97
2021-09-29T05:53:59.840Z,33.0671667,-115.5931667,10.71,2.97
2021-10-21T17:28:38.740Z,19.32083333,-155.1883333,1.64,2.98
2021-10-19T22:28:42.380Z,19.438,-67.0681,11,2.98
2021-10-02T02:15:14.000Z,37.7508333,-122.1573333,6.62,2.98
2021-09-27T23:19:01.520Z,17.951,-67.1108,8,2.98
2021-10-16T23:35:52.540Z,19.16,-155.4696667,33.13,2.99
2021-10-23T01:52:40.729Z,69.1342,-144.618,11.2,3
2021-10-20T19:28:27.807Z,66.2799,-149.8283,15,3
2021-10-18T01:34:47.741Z,56.3041,-156.6187,16.6,3
2021-10-16T18:50:12.472Z,56.0172,-149.6666,10,3
2021-10-14T20:16:47.737Z,61.9908,-150.0193,27.1,3
2021-10-13T14:34:49.039Z,56.5406,-148.7533,10,3
2021-10-12T18:47:57.724Z,56.4618,-156.735,26.1,3
2021-10-12T14:14:17.487Z,56.1621,-156.4492,56.6,3
2021-10-12T05:59:12.871Z,31.67458066,-104.3895193,7.442675781,3
2021-10-11T10:25:35.518Z,56.2061,-156.4292,72.55,3
2021-10-10T14:02:15.686Z,65.2264,-166.2319,10,3
2021-10-09T05:42:51.870Z,44.3116,-115.0774,10,3
2021-10-08T21:46:36.478Z,68.804,-146.2124,0,3
2021-10-08T05:01:46.261Z,56.7217,-141.4383,10,3
2021-10-04T03:18:30.941Z,44.2603,-115.0256,14.83,3
2021-10-02T18:57:45.745Z,31.7097249,-104.026057,7.519799805,3
2021-10-01T21:01:49.226Z,43.045,-126.7398,10,3
2021-09-29T20:02:51.190Z,31.6493131,-104.2294546,6.671435547,3
2021-09-29T15:20:45.453Z,58.3579,-133.5793,5,3
2021-09-28T20:57:45.773Z,62.2044,-150.689,0,3
2021-09-28T00:21:25.497Z,53.4971,-163.4838,16.05,3
2021-09-27T08:56:00.823Z,55.458,-158.3057,35,3
2021-09-26T08:57:29.968Z,31.76750432,-103.8293949,6.157275391,3
2021-09-24T20:21:39.670Z,36.4156,-114.8655,9.5,3
2021-10-17T09:44:34.220Z,18.86016667,-155.5065,34.24,3.01
2021-10-15T01:29:05.430Z,17.9563,-66.969,9,3.01
2021-10-09T23:05:03.150Z,18.6496,-66.7508,13,3.01
2021-10-09T03:23:22.370Z,17.8986,-66.883,4,3.01
2021-10-10T19:55:00.500Z,18.7856,-66.4751,16,3.02
2021-09-25T14:25:40.320Z,17.9585,-67.1098,10,3.02
2021-10-10T02:57:39.380Z,18.866,-64.6701,29,3.03
2021-10-05T04:04:44.530Z,18.0021,-66.5103,5,3.03
2021-10-24T13:57:59.730Z,17.9666,-66.8395,15,3.04
2021-10-11T08:00:11.840Z,19.21916667,-155.4153333,35.49,3.05
2021-10-11T04:43:57.620Z,18.83583333,-155.5288333,36.31,3.05
2021-10-10T21:59:50.410Z,18.87433333,-155.5166667,36.01,3.05
2021-10-07T09:20:43.080Z,17.9318,-66.8441,10,3.05
2021-10-06T04:01:56.110Z,18.825,-67.3671,18,3.06
2021-10-03T11:01:52.410Z,17.986,-65.861,9,3.07
2021-10-02T06:09:06.530Z,19.63366667,-156.0835,6.5,3.07
2021-10-01T03:46:56.750Z,34.1386667,-116.4441667,6.7,3.07
2021-10-23T14:16:06.150Z,18.5741,-66.1973,71,3.08
2021-10-12T15:16:49.820Z,18.85883333,-155.5081667,34.53,3.08
2021-10-11T23:14:47.140Z,35.658,-117.5356667,7.73,3.08
2021-10-02T06:32:23.650Z,17.9463,-66.7656,9,3.08
2021-10-23T22:04:51.980Z,18.5931,-67.0761,78,3.09
2021-09-30T20:31:15.800Z,19.30583333,-155.3428333,27.92,3.09
2021-10-20T07:25:52.320Z,44.1948,-115.108,10.87,3.1
2021-10-17T19:32:23.192Z,55.0572,-157.5412,19.3,3.1
2021-10-11T20:35:39.320Z,53.9685,-168.1331,14.78,3.1
2021-10-10T12:05:10.401Z,64.7409,-149.1629,18.4,3.1
2021-10-09T06:38:33.058Z,44.3096,-115.095,10,3.1
2021-10-05T14:42:30.026Z,51.1129,-178.2446,28.29,3.1
2021-10-04T14:51:39.157Z,55.4222,-156.841,45.1,3.1
2021-10-03T01:58:09.133Z,31.71340546,-104.0249983,7.828295898,3.1
2021-09-29T03:43:12.235Z,58.2999,-133.4995,10,3.1
2021-09-28T01:55:55.674Z,44.3423,-115.3306,10,3.1
2021-09-26T15:23:21.104Z,58.5178,-155.7655,143,3.1
2021-09-24T19:18:58.212Z,31.465,-115.6593,12.74,3.1
2021-10-19T15:24:23.120Z,17.9525,-66.8116,12,3.11
2021-09-30T16:13:18.780Z,17.8458,-66.8375,10,3.11
2021-09-26T02:50:52.190Z,17.9398,-67.1231,10,3.11
2021-10-24T16:38:40.420Z,17.9566,-67.1061,10,3.12
2021-10-18T05:34:58.350Z,19.1755,-155.507,36.57,3.15
2021-10-17T03:41:52.040Z,19.22033333,-155.4426667,-0.18,3.17
2021-10-23T15:23:51.260Z,19.3605,-155.471,8.53,3.19
2021-10-23T09:10:58.328Z,42.3043,-126.1791,10,3.2
2021-10-21T17:56:08.972Z,31.77378534,-104.5903393,3.997802734,3.2
2021-10-21T15:33:13.272Z,31.67072425,-104.3816795,6.74855957,3.2
2021-10-21T11:31:54.726Z,31.67561951,-104.4064861,7.159887695,3.2
2021-10-18T21:59:41.575Z,40.8185,-126.3132,10,3.2
2021-10-18T08:08:29.245Z,31.55961406,-104.1513886,6.157275391,3.2
2021-10-11T10:13:09.007Z,56.2722,-156.5192,64.42,3.2
2021-10-11T09:30:52.082Z,56.4031,-156.5252,63.3,3.2
2021-10-04T21:33:20.109Z,31.68185954,-104.435615,6.131567383,3.2
2021-09-25T13:39:53.622Z,50.2066,-176.0778,27.58,3.2
2021-09-24T20:34:51.842Z,61.3736,-149.9623,43.3,3.2
2021-09-27T04:40:43.740Z,17.9475,-66.8401,12,3.21
2021-10-21T13:10:57.220Z,40.288166,-124.4994965,18.65,3.22
2021-10-09T22:30:46.340Z,18.7696,-67.2721,20,3.22
2021-10-23T04:26:26.910Z,38.828167,-122.8010025,1.56,3.23
2021-10-18T20:56:25.330Z,18.7206,-67.3548,17,3.23
2021-09-30T12:45:03.170Z,38.4416667,-122.6711667,9.27,3.23
2021-09-27T07:19:14.560Z,18.1198,-66.6048,21,3.23
2021-10-22T22:20:58.190Z,18.2648,-67.7073,82,3.24
2021-10-22T11:29:38.780Z,39.4346667,-111.9605,7.12,3.24
2021-10-21T11:43:10.260Z,18.7915,-67.4283,10,3.24
2021-10-18T23:58:07.930Z,18.224,-66.8398,12,3.24
2021-10-09T18:55:10.070Z,19.1333,-66.0043,12,3.24
2021-10-05T15:54:38.000Z,40.4543333,-125.0275,11.22,3.24
2021-09-28T19:41:18.800Z,35.7593333,-120.31,3.76,3.24
2021-10-23T21:46:28.460Z,39.5638351,-120.3219986,-1.95,3.25
2021-10-18T08:14:19.050Z,18.789,-67.2523,12,3.25
2021-10-12T19:50:15.150Z,33.8738333,-119.3443333,5.91,3.25
2021-10-10T22:45:47.790Z,18.88066667,-155.5126667,34.96,3.25
2021-10-24T07:07:52.140Z,38.235,-112.6866667,8.02,3.26
2021-09-25T16:19:59.530Z,17.9435,-66.9846,10,3.26
2021-10-09T20:17:40.420Z,18.9431,-65.2806,24,3.27
2021-09-27T22:21:57.620Z,32.944,-80.154,6.75,3.27
2021-09-25T09:57:13.650Z,19.0721,-67.7093,3,3.27
2021-10-24T05:57:00.120Z,18.293,-68.3611,45,3.28
2021-10-13T02:44:16.750Z,19.1508,-66.0995,18,3.28
2021-10-10T00:49:32.350Z,19.1658,-65.8736,8,3.28
2021-10-24T16:16:58.420Z,17.9605,-67.1071,9,3.29
2021-10-17T22:58:40.990Z,19.1995,-155.4353333,35.33,3.29
2021-10-14T04:38:47.030Z,17.9521,-67.0178,11,3.29
2021-10-03T12:02:00.480Z,37.2326667,-121.6146667,3.89,3.29
2021-09-29T12:33:15.200Z,38.5416667,-119.5385,5.31,3.29
2021-09-26T23:58:48.870Z,19.3451,-67.3943,7,3.29
2021-10-23T23:02:32.793Z,56.3541,-156.5456,29.4,3.3
2021-10-22T17:14:15.554Z,18.7937,-74.1165,10,3.3
2021-10-18T13:45:23.980Z,18.697,-68.0025,41,3.3
2021-10-15T17:18:07.521Z,56.2259,-156.4406,67.05,3.3
2021-10-14T23:50:09.773Z,56.3141,-156.5766,24.1,3.3
2021-10-14T22:05:10.840Z,31.99008647,-103.8697442,7.519799805,3.3
2021-10-14T01:13:37.319Z,59.0475,-154.0765,107.3,3.3
2021-10-13T21:27:20.356Z,52.048,-169.2131,31.6,3.3
2021-10-12T00:54:12.913Z,56.2674,-156.4817,83.6,3.3
2021-10-11T12:24:45.228Z,53.2235,-159.8263,10,3.3
2021-10-11T12:04:50.508Z,57.2949,-146.1408,10,3.3
2021-10-11T09:26:21.324Z,56.3101,-156.5352,69.5,3.3
2021-10-04T12:34:37.767Z,56.2116,-149.9602,10,3.3
2021-10-04T11:06:32.954Z,56.8886,-156.2848,67.6,3.3
2021-10-03T01:48:10.542Z,31.70926532,-104.0260547,7.93112793,3.3
2021-09-28T17:12:53.347Z,58.3009,-133.5564,5.48,3.3
2021-09-27T04:11:42.417Z,55.6613,-149.0683,10,3.3
2021-09-24T22:33:42.542Z,31.66890121,-104.4815179,6.054443359,3.3
2021-09-24T19:28:25.413Z,32.41424561,-101.7076744,10.58890788,3.3
2021-10-19T02:22:35.900Z,19.1838,-66.5426,21,3.35
2021-10-02T19:22:26.670Z,37.7501667,-122.1575,6.2,3.35
2021-10-22T02:30:17.330Z,37.5875015,-118.7338333,8.96,3.36
2021-10-20T04:05:04.290Z,38.7883339,-122.7614975,1.19,3.39
2021-09-24T23:16:40.800Z,19.384,-67.0716,11,3.39
2021-10-24T03:51:42.655Z,64.3861,-146.7407,4.2,3.4
2021-10-22T02:39:46.148Z,60.3066,-150.2482,33.9,3.4
2021-10-22T00:48:53.241Z,69.283,-144.3857,19.7,3.4
2021-10-21T02:38:50.192Z,42.5358,-111.1792,5,3.4
2021-10-20T13:31:14.873Z,62.1287,-149.6741,37.1,3.4
2021-10-19T21:49:44.684Z,60.0688,-138.2379,3.08,3.4
2021-10-19T02:08:44.529Z,55.8203,-155.5201,15.5,3.4
2021-10-17T19:00:11.091Z,31.7083597,-104.0222806,7.725463867,3.4
2021-10-16T07:36:58.006Z,54.1505,-156.1052,10,3.4
2021-10-12T19:05:07.471Z,56.4201,-156.5063,69.6,3.4
2021-10-10T01:21:24.651Z,56.7128,-149.5172,10,3.4
2021-10-09T20:23:34.157Z,57.1004,-156.0008,0,3.4
2021-10-07T06:02:56.726Z,60.069,-141.3434,2.7,3.4
2021-10-05T04:26:30.687Z,58.6672,-155.1244,129.7,3.4
2021-10-02T20:53:11.163Z,52.5878,174.4773,72.15,3.4
2021-10-02T19:59:24.330Z,19.22316667,-155.3928333,32.53,3.4
2021-10-02T18:54:57.730Z,31.71387857,-104.0212309,7.622631836,3.4
2021-09-30T10:53:50.061Z,54.3435,-159.6372,27.89,3.4
2021-09-29T11:31:02.376Z,54.7533,-156.8273,10,3.4
2021-09-28T23:47:46.535Z,43.2357,-127.3205,10,3.4
2021-10-19T08:01:23.590Z,18.7213,-65.1003,30,3.41
2021-10-08T08:35:14.620Z,19.1225,-67.6331,18,3.42
2021-10-11T15:56:45.270Z,18.79,-65.3805,11,3.43
2021-09-26T19:23:31.670Z,38.5151667,-119.413,3.02,3.43
2021-10-18T09:45:06.480Z,36.1858333,-120.3091667,10.36,3.44
2021-09-24T19:28:15.220Z,35.6053333,-117.4695,3.82,3.44
2021-10-13T02:22:46.220Z,19.264,-65.713,41,3.45
2021-10-22T21:14:19.700Z,37.5876656,-118.732666,8.97,3.46
2021-10-16T02:25:59.330Z,19.1295,-66.529,40,3.46
2021-10-06T21:06:08.400Z,45.1396667,-106.9428333,-2,3.46
2021-10-01T13:53:45.690Z,17.4113,-65.5743,47,3.46
2021-10-17T05:57:17.870Z,18.9856,-65.0121,15,3.47
2021-09-29T03:04:07.680Z,19.2946,-67.212,24,3.47
2021-10-22T23:55:22.180Z,31.65940981,-104.4251774,5.668823242,3.5
2021-10-21T16:57:39.698Z,57.1165,-146.5362,10,3.5
2021-10-18T08:07:22.450Z,31.55776587,-104.1535275,7.494091797,3.5
2021-10-12T08:28:37.959Z,38.1602,-117.901,10.3,3.5
2021-10-12T04:41:22.300Z,56.2611,-156.655,48.5,3.5
2021-10-11T17:56:24.271Z,56.3127,-156.5448,40.2,3.5
2021-10-11T13:59:31.772Z,56.2795,-156.5721,50.1,3.5
2021-10-09T15:25:45.415Z,43.5146,-128.2474,10,3.5
2021-10-08T06:25:05.620Z,19.18916667,-155.4768333,34.38,3.5
2021-10-03T02:48:23.747Z,64.4317,-146.709,7,3.5
2021-09-30T11:25:48.890Z,58.1216,-154.5326,8.7,3.5
2021-09-27T22:30:28.117Z,69.6998,-144.6508,14.61,3.5
2021-10-17T05:59:24.520Z,18.9656,-64.8751,68,3.51
2021-10-06T14:25:27.520Z,36.989,-118.3253333,8.89,3.52
2021-09-29T13:17:21.690Z,19.1993,-65.1168,38,3.52
2021-09-28T13:19:14.660Z,17.88416667,-153.1898333,2.77,3.54
2021-09-27T01:24:29.810Z,19.471,-67.2776,30,3.54
2021-10-24T06:49:12.020Z,32.9675,-115.876,11.15,3.55
2021-10-19T07:40:34.990Z,19.2456,-67.2483,10,3.55
2021-10-18T02:48:42.310Z,19.1146,-66.5351,22,3.55
2021-10-08T20:22:31.560Z,18.0158,-65.3815,12,3.55
2021-10-04T17:17:27.870Z,19.18916667,-155.481,35.58,3.55
2021-10-15T19:54:58.700Z,19.2955,-65.1578,10,3.57
2021-10-01T15:40:25.010Z,18.2321,-64.1513,44,3.57
2021-10-09T23:08:44.500Z,19.22316667,-155.4145,35.63,3.58
2021-10-06T06:39:24.900Z,19.207,-155.3965,32.15,3.58
2021-10-05T04:00:41.390Z,18.8321,-64.7595,25,3.58
2021-10-23T02:56:39.830Z,32.0458333,-117.4516667,5.95,3.6
2021-10-20T19:37:45.310Z,18.2118,-68.4573,66,3.6
2021-10-15T10:03:13.790Z,19.20783333,-155.3835,31.39,3.6
2021-10-15T00:04:32.500Z,39.0756,-115.6637,10,3.6
2021-10-02T18:55:43.040Z,31.7093542,-104.0007447,6.28581543,3.6
2021-10-24T14:01:02.280Z,34.0168333,-118.1973333,17.15,3.61
2021-09-26T08:51:30.240Z,40.2491667,-124.1636667,11.69,3.61
2021-10-16T23:14:19.340Z,19.1243,-67.7496,56,3.62
2021-10-18T08:56:34.970Z,19.904,-156.8335,7.46,3.64
2021-10-23T03:16:43.690Z,19.5631,-66.1645,13,3.65
2021-10-17T06:40:38.360Z,18.9963,-64.9965,26,3.66
2021-10-16T08:50:31.800Z,19.1746,-64.247,24,3.66
2021-10-08T00:13:49.320Z,38.1018333,-118.9533333,9.57,3.66
2021-10-04T23:07:48.800Z,36.5891667,-121.2886667,6.36,3.66
2021-09-29T18:58:58.830Z,18.9375,-68.2785,9,3.67
2021-10-17T12:47:09.100Z,18.0116,-68.481,70,3.68
2021-10-02T01:42:20.500Z,35.0691667,-118.321,2.69,3.68
2021-10-19T02:17:00.701Z,56.2457,-149.3674,10,3.7
2021-10-16T14:53:15.115Z,9.8396,-84.3873,10,3.7
2021-10-15T12:36:04.947Z,38.1348,-117.9846,9,3.7
2021-10-15T08:18:32.961Z,54.4272,-161.5034,10,3.7
2021-10-13T11:34:22.467Z,54.9305,-156.2759,10,3.7
2021-10-11T06:18:31.168Z,63.3357,-145.4695,0,3.7
2021-10-03T06:07:28.887Z,-20.5104,-70.7746,16.68,3.7
2021-09-25T13:03:52.948Z,51.7226,-170.9982,42.87,3.7
2021-10-17T07:21:05.350Z,18.4588,-68.2341,86,3.72
2021-10-22T21:30:17.520Z,19.333,-67.9521,10,3.73
2021-10-20T08:57:15.880Z,36.6708333,-121.3173333,6.52,3.73
2021-10-08T23:07:38.890Z,19.3098,-67.3215,26,3.73
2021-10-19T01:12:37.040Z,19.2845,-65.0668,40,3.74
2021-10-01T10:17:59.670Z,18.4936,-68.9723,123,3.75
2021-09-29T16:19:05.220Z,19.2753,-65.1038,28,3.78
2021-09-29T04:36:11.980Z,17.8321,-64.2478,92,3.78
2021-10-08T04:46:17.060Z,19.5286,-66.3221,11,3.79
2021-09-28T15:12:38.630Z,38.5418333,-119.5315,5.16,3.79
2021-10-22T09:30:41.903Z,-20.3019,-70.1677,35.15,3.8
2021-10-11T23:30:05.950Z,18.1086,-68.4258,87,3.8
2021-10-10T13:17:14.213Z,31.60533424,-104.5013316,8.522412109,3.8
2021-10-04T02:58:14.029Z,38.6884,-97.4787,5,3.8
2021-10-02T22:01:53.392Z,51.8189,178.4064,112.37,3.8
2021-10-01T01:32:50.202Z,51.9747,-176.1071,128.31,3.8
2021-09-28T15:12:12.240Z,38.542,-119.5348333,5.04,3.8
2021-09-27T01:22:56.860Z,55.6445,-149.0745,6.71,3.8
2021-10-23T16:29:17.270Z,18.1188,-68.2541,92,3.81
2021-09-27T13:42:36.790Z,19.187,-155.487,33.9,3.82
2021-10-12T11:29:05.580Z,40.2886667,-124.4941667,20.61,3.84
2021-10-12T20:03:01.510Z,18.0933,-68.5828,172,3.85
2021-10-17T15:52:11.020Z,19.18716667,-155.4835,38.36,3.86
2021-09-26T07:53:07.490Z,19.5945,-65.3873,53,3.87
2021-10-19T08:06:28.149Z,62.6581,-149.5883,71.7,3.9
2021-10-16T20:14:46.371Z,-31.6728,-72.0493,15.47,3.9
2021-10-15T09:35:38.055Z,51.9793,178.4924,113.77,3.9
2021-10-14T06:27:41.660Z,-20.1164,-70.1054,46.93,3.9
2021-10-13T20:56:28.172Z,51.7466,176.6123,35,3.9
2021-10-05T18:24:29.995Z,62.2985,-141.047,18.4,3.9
2021-09-28T05:29:31.247Z,51.7967,-171.4864,43.72,3.9
2021-09-29T16:26:24.290Z,19.7185,-63.5716,57,3.94
2021-09-25T21:18:14.940Z,20.60533333,-158.5518333,14.19,3.94
2021-10-15T01:51:37.880Z,19.3691,-64.3513,33,3.97
2021-10-17T13:19:00.720Z,36.2131667,-117.86,4.19,3.98
2021-10-24T17:29:29.335Z,-44.869,-76.0732,15.24,4
2021-10-24T05:10:06.718Z,-31.4252,-69.1665,148.38,4
2021-10-21T05:49:40.460Z,31.3518333,-114.3585,13.69,4
2021-10-18T07:26:36.014Z,-17.1815,-70.5431,130.71,4
2021-10-18T02:51:29.514Z,-20.176,-70.5755,24.69,4
2021-10-17T16:56:42.320Z,-24.0947,-67.1943,187.96,4
2021-10-16T01:46:25.233Z,24.3171,93.8462,45.78,4
2021-10-15T07:24:17.484Z,18.845,-74.1514,10,4
2021-10-15T02:50:28.425Z,55.1879,-157.1923,38.3,4
2021-10-14T18:31:28.441Z,51.4638,178.8605,68.07,4
2021-10-13T20:02:02.160Z,55.4864,161.6234,99.7,4
2021-10-13T12:06:13.591Z,-19.8668,-69.1646,113.23,4
2021-10-12T18:01:52.655Z,-29.3942,-71.9358,10,4
2021-10-12T00:48:49.859Z,14.8234,-92.3365,79.66,4
2021-10-11T22:17:46.474Z,-3.1266,102.2585,114.01,4
2021-10-11T07:38:58.987Z,11.1775,-86.8972,26.95,4
2021-10-10T10:59:22.484Z,51.8746,-174.9763,80.28,4
2021-10-09T15:46:49.004Z,51.6781,178.4092,102.54,4
2021-10-08T23:14:25.139Z,-15.7322,-72.3577,10,4
2021-10-07T16:11:43.606Z,12.6709,-88.3542,43.31,4
2021-10-06T10:12:25.458Z,4.4991,125.6003,165.24,4
2021-10-04T12:42:24.323Z,-31.7098,-72.1059,17.68,4
2021-10-04T04:47:57.536Z,30.4246,94.6223,10,4
2021-10-03T01:45:58.440Z,51.3054,-178.0688,35,4
2021-10-03T01:39:18.557Z,31.7055964,-104.0238823,8.136791992,4
2021-10-02T23:47:41.581Z,44.3013,-115.0523,2.24,4
2021-10-02T19:50:28.066Z,54.0452,-162.4182,47.82,4
2021-10-02T07:45:36.226Z,35.2165,27.7464,10,4
2021-09-30T05:56:46.469Z,14.3301,-93.2818,34.91,4
2021-09-30T05:13:54.372Z,-20.511,169.3753,40.98,4
2021-09-29T15:53:20.524Z,-23.423,-179.8743,531.52,4
2021-09-28T22:08:42.760Z,-23.9798,-66.9572,220.91,4
2021-09-27T15:36:06.207Z,-17.3928,-178.7735,558.29,4
2021-09-26T06:35:22.052Z,-59.8261,-26.1883,38.7,4
2021-09-26T04:40:09.320Z,36.4387,27.1385,10,4
2021-09-25T01:23:35.499Z,12.2513,-87.8289,35,4
2021-10-24T04:59:17.239Z,18.7884,-74.0606,10,4.1
2021-10-23T19:43:39.290Z,-22.0636,-68.6769,122.89,4.1
2021-10-23T01:17:20.674Z,38.8202,20.5464,10,4.1
2021-10-21T13:08:19.634Z,15.2415,-93.8738,77.55,4.1
2021-10-19T10:18:19.569Z,-15.2063,-177.7139,397.89,4.1
2021-10-18T09:12:47.661Z,-28.4886,-62.8535,611.46,4.1
2021-10-17T21:03:12.017Z,38.0438,74.4948,190.19,4.1
2021-10-16T03:45:15.386Z,-15.5281,-177.0936,410.66,4.1
2021-10-16T03:37:24.314Z,-31.6615,-71.9962,21.14,4.1
2021-10-15T23:25:43.051Z,34.8943,26.3729,12.08,4.1
2021-10-15T04:46:03.842Z,-15.0087,-177.7623,391.36,4.1
2021-10-14T21:30:53.681Z,51.841,176.7741,64.69,4.1
2021-10-13T16:21:54.790Z,2.4228,97.6487,56.04,4.1
2021-10-13T04:58:35.007Z,30.6667,138.6685,386.29,4.1
2021-10-12T15:25:17.976Z,-7.3026,120.3202,539.11,4.1
2021-10-12T14:56:18.956Z,49.2051,-128.1369,10,4.1
2021-10-12T13:10:20.457Z,-18.6254,-177.5533,615.72,4.1
2021-10-12T11:30:36.759Z,39.564,142.5149,35,4.1
2021-10-12T09:06:41.839Z,21.461,143.9764,10,4.1
2021-10-12T04:34:35.708Z,-9.5251,-71.2751,596.83,4.1
2021-10-11T19:40:25.274Z,56.2823,-156.5443,57.4,4.1
2021-10-11T08:30:08.676Z,5.9847,-73.3004,171.68,4.1
2021-10-11T02:46:52.554Z,-35.3186,-179.363,10,4.1
2021-10-09T05:59:49.133Z,53.2174,-166.8792,43.83,4.1
2021-10-09T04:05:40.709Z,2.3273,-94.6112,10,4.1
2021-10-08T10:51:40.546Z,-23.6068,179.4678,539.27,4.1
2021-10-08T09:28:09.337Z,-16.0699,-71.8435,104.09,4.1
2021-10-07T16:44:22.445Z,31.8288,137.9307,377.87,4.1
2021-10-06T16:51:47.726Z,4.9514,127.4476,118.62,4.1
2021-10-06T13:38:01.180Z,-9.4339,124.7672,31.04,4.1
2021-10-06T12:15:22.104Z,-7.0591,129.2833,155.58,4.1
2021-10-06T03:34:32.438Z,-37.964,176.5268,183.61,4.1
2021-10-05T11:00:25.713Z,-8.1231,118.0802,10,4.1
2021-10-05T09:32:50.905Z,39.2062,144.297,10,4.1
2021-10-05T05:39:25.149Z,46.0303,7.4201,5,4.1
2021-10-04T20:31:30.020Z,-31.8728,-179.9425,335.44,4.1
2021-10-03T09:06:48.508Z,-7.4742,128.602,151.65,4.1
2021-10-02T18:31:07.894Z,34.946,25.0548,10,4.1
2021-10-02T11:01:19.943Z,-21.2444,174.4467,516.74,4.1
2021-10-02T05:36:39.224Z,30.4247,94.54,10,4.1
2021-10-01T15:02:44.665Z,27.7715,139.6974,486.64,4.1
2021-10-01T07:14:30.711Z,42.362,144.5444,71.32,4.1
2021-10-01T04:15:04.613Z,-24.2305,-67.347,216.38,4.1
2021-09-30T18:54:24.223Z,1.2802,97.468,10,4.1
2021-09-30T18:05:28.492Z,-21.6597,-68.4413,129.92,4.1
2021-09-30T08:44:38.149Z,-9.3022,121.8329,80.67,4.1
2021-09-30T08:12:09.950Z,-12.3912,167.1341,247.57,4.1
2021-09-29T22:32:32.081Z,2.6227,128.4487,228.79,4.1
2021-09-29T21:54:35.911Z,-24.2005,-179.8642,539.18,4.1
2021-09-29T20:38:07.549Z,-21.6968,-179.1867,603.43,4.1
2021-09-28T23:17:20.864Z,-24.0189,-66.7974,214.58,4.1
2021-09-28T16:41:45.780Z,0.8738,121.1253,34.17,4.1
2021-09-28T00:00:24.588Z,-6.9636,124.94,563.04,4.1
2021-09-27T15:04:01.206Z,36.3523,27.2673,10,4.1
2021-09-27T06:27:46.478Z,35.2272,25.105,10,4.1
2021-09-26T03:29:26.736Z,-17.4391,-178.7683,563.22,4.1
2021-09-26T00:17:45.317Z,30.2708,-109.2384,10,4.1
2021-09-26T00:01:02.090Z,-59.0702,-24.8539,10,4.1
2021-09-24T22:08:03.273Z,17.2842,120.553,64.05,4.1
2021-09-26T06:19:58.580Z,18.5078,-68.9135,108,4.11
2021-10-24T16:52:35.330Z,-24.3248,-67.3429,190.65,4.2
2021-10-21T17:46:07.584Z,38.1841,73.0489,75.53,4.2
2021-10-21T08:24:43.054Z,55.3342,-155.4245,11,4.2
2021-10-20T21:48:46.269Z,18.5791,121.0628,39.58,4.2
2021-10-20T01:21:27.107Z,-45.6902,-77.8288,10,4.2
2021-10-19T18:37:55.689Z,-27.6881,-71.2506,17.09,4.2
2021-10-19T00:44:59.631Z,-19.7631,-178.0946,437.08,4.2
2021-10-18T22:31:01.945Z,15.195,-92.4522,97.57,4.2
2021-10-18T21:08:24.182Z,14.6042,-93.6789,37.51,4.2
2021-10-17T12:20:53.888Z,51.6574,16.168,9.8,4.2
2021-10-17T05:52:49.289Z,6.9637,-82.6361,10,4.2
2021-10-16T08:20:59.622Z,-21.2286,-178.5518,583.83,4.2
2021-10-16T04:12:15.911Z,-24.7084,-68.5069,116.78,4.2
2021-10-15T23:02:47.177Z,13.1549,-89.2857,51.23,4.2
2021-10-15T01:51:31.835Z,-16.4557,-69.9868,185.39,4.2
2021-10-15T00:59:45.991Z,-31.3149,-178.811,42.62,4.2
2021-10-14T18:23:02.355Z,-24.1516,-67.3164,189.98,4.2
2021-10-13T08:39:08.998Z,2.2936,126.6545,35,4.2
2021-10-13T07:15:26.561Z,-18.1459,-178.2839,635.43,4.2
2021-10-11T20:15:59.447Z,6.6445,123.6439,590.23,4.2
2021-10-11T15:13:32.364Z,-27.3176,-70.5912,61.5,4.2
2021-10-11T13:13:08.817Z,37.1971,56.5032,10,4.2
2021-10-11T12:50:36.786Z,34.0855,25.8885,10,4.2
2021-10-11T04:32:40.890Z,10.897,-85.7742,59.9,4.2
2021-10-10T18:43:22.620Z,-21.7911,-68.5184,131.18,4.2
2021-10-08T22:04:12.732Z,-7.3957,128.8766,124.68,4.2
2021-10-08T04:43:12.522Z,-17.6397,-178.3478,486.93,4.2
2021-10-08T03:35:05.625Z,-26.0422,179.8921,491.54,4.2
2021-10-08T01:47:50.171Z,12.1428,-87.892,45.23,4.2
2021-10-07T12:07:18.898Z,-6.9049,129.5718,175.85,4.2
2021-10-06T18:06:42.929Z,-16.0789,168.1266,180.82,4.2
2021-10-06T18:02:26.634Z,-21.5335,-69.0078,102.89,4.2
2021-10-06T01:55:33.525Z,-45.6888,-77.6707,10,4.2
2021-10-05T15:39:25.964Z,-29.913,-177.1368,10,4.2
2021-10-05T09:23:15.977Z,-20.4261,-69.9785,85.97,4.2
2021-10-05T02:10:36.669Z,56.5833,163.3091,27.97,4.2
2021-10-04T21:16:49.381Z,-58.8132,-23.9742,10,4.2
2021-10-03T22:20:27.934Z,12.5096,-88.3666,35,4.2
2021-10-03T16:24:04.094Z,-1.8709,101.4746,152.12,4.2
2021-10-03T16:19:52.131Z,25.3265,141.564,185.26,4.2
2021-10-03T07:15:10.382Z,37.5294,30.3549,9.58,4.2
2021-10-03T03:16:27.811Z,-24.1154,-179.7072,512.6,4.2
2021-10-02T23:56:33.564Z,17.1939,145.601,335.42,4.2
2021-10-02T22:01:42.717Z,24.9285,96.3949,10,4.2
2021-10-02T15:32:16.431Z,64.043,-21.6596,10,4.2
2021-10-02T14:48:36.241Z,-21.2236,174.5182,527.67,4.2
2021-10-02T03:18:58.786Z,-28.7881,-177.0816,35,4.2
2021-09-30T20:26:45.741Z,29.7505,142.0194,10,4.2
2021-09-30T17:13:03.615Z,37.393,71.4944,104.53,4.2
2021-09-30T07:53:37.510Z,0.8687,124.0741,218.77,4.2
2021-09-30T07:43:35.827Z,31.8713,141.3069,29.42,4.2
2021-09-29T19:05:14.412Z,1.9214,128.9642,35,4.2
2021-09-29T07:31:20.025Z,-4.2912,153.0508,55.39,4.2
2021-09-29T07:22:08.830Z,31.67257621,-104.3795425,6.131567383,4.2
2021-09-28T18:28:09.949Z,54.7677,163.3348,10,4.2
2021-09-28T13:43:53.515Z,49.464,149.5514,419.31,4.2
2021-09-28T06:01:05.907Z,36.4251,28.4345,59.5,4.2
2021-09-28T00:15:36.610Z,18.6991,-69.3796,104.21,4.2
2021-09-27T19:18:00.553Z,-14.1227,170.5304,633.61,4.2
2021-09-27T15:00:23.119Z,-58.2326,-24.4033,35,4.2
2021-09-27T14:49:27.244Z,34.9873,25.1391,10,4.2
2021-09-27T07:46:31.563Z,35.1383,25.1753,10,4.2
2021-09-27T00:59:39.372Z,7.5736,-72.2207,10,4.2
2021-09-26T22:45:17.991Z,-21.5248,-70.505,35,4.2
2021-09-26T17:07:55.553Z,42.2552,81.7932,10,4.2
2021-09-26T13:56:01.724Z,-4.8132,133.6769,10,4.2
2021-09-26T06:28:43.349Z,23.4064,93.4982,9.31,4.2
2021-09-26T02:36:01.594Z,-4.1787,129.3643,62.55,4.2
2021-09-25T07:52:42.079Z,-17.4462,-178.2837,562.95,4.2
2021-09-25T01:18:57.757Z,6.8914,-72.9662,144.48,4.2
2021-09-24T23:29:07.947Z,12.2124,-87.7981,19.97,4.2
2021-09-24T19:05:58.858Z,-20.3159,-177.555,510.28,4.2
2021-10-10T21:53:08.410Z,18.868,-155.542,35.99,4.26
2021-10-24T09:43:56.636Z,-9.6458,108.0299,10,4.3
2021-10-23T07:12:57.399Z,-5.836,128.926,220.91,4.3
2021-10-22T17:52:55.328Z,18.2078,145.299,395.23,4.3
2021-10-22T17:12:50.566Z,35.1289,25.2958,10,4.3
2021-10-22T17:01:13.821Z,-2.3067,100.752,59.45,4.3
2021-10-22T08:28:54.671Z,-26.0312,178.5495,597.32,4.3
2021-10-21T19:34:37.222Z,-6.0496,122.5364,10,4.3
2021-10-21T03:23:21.952Z,52.5548,-115.2731,10,4.3
2021-10-20T12:47:59.907Z,-4.1856,143.3313,133.98,4.3
2021-10-20T02:44:04.736Z,35.0391,25.2584,7.15,4.3
2021-10-19T18:17:18.581Z,58.8598,-142.8806,10,4.3
2021-10-19T00:16:23.087Z,-15.9984,-174.7998,264.63,4.3
2021-10-18T18:10:21.638Z,16.0893,-98.2244,10,4.3
2021-10-18T16:18:55.301Z,-5.5031,147.0667,206.36,4.3
2021-10-18T08:01:38.129Z,27.9554,85.8716,10,4.3
2021-10-18T00:48:59.479Z,-9.6355,118.1749,10,4.3
2021-10-17T19:27:11.506Z,55.0355,-157.5925,24.6,4.3
2021-10-17T16:14:20.638Z,-50.5227,-73.7844,15.88,4.3
2021-10-17T14:00:00.202Z,-59.4991,-25.9877,15.18,4.3
2021-10-17T05:49:02.696Z,2.3775,128.5336,231.19,4.3
2021-10-16T09:51:15.467Z,-22.7888,171.0505,10,4.3
2021-10-16T04:01:45.498Z,51.5415,16.2012,11.41,4.3
2021-10-15T23:14:29.192Z,-16.0836,-173.5327,106.96,4.3
2021-10-15T23:03:39.547Z,-7.012,104.0438,10,4.3
2021-10-15T22:38:34.313Z,-7.6288,115.3895,282.33,4.3
2021-10-15T21:46:37.095Z,-23.8654,-179.7868,550.44,4.3
2021-10-15T21:30:02.003Z,-21.4969,-178.7865,589.35,4.3
2021-10-15T05:41:39.680Z,-31.6875,-72.1417,10,4.3
2021-10-15T02:51:50.546Z,-12.7737,-71.3141,31.01,4.3
2021-10-14T17:55:50.270Z,-0.933,100.8409,10,4.3
2021-10-14T17:41:37.318Z,-27.5874,-70.9519,35,4.3
2021-10-14T00:04:19.897Z,33.7795,91.9605,10,4.3
2021-10-13T11:22:49.020Z,44.1617,146.4826,119.93,4.3
2021-10-13T06:58:42.377Z,-37.9234,176.9351,174.6,4.3
2021-10-12T00:04:45.952Z,-17.8593,-178.5987,552.27,4.3
2021-10-11T16:24:38.865Z,17.1543,77.0051,10,4.3
2021-10-11T13:17:43.164Z,0.9174,126.0934,10,4.3
2021-10-10T16:29:29.527Z,57.6376,-32.6165,10,4.3
2021-10-10T14:03:13.056Z,-23.8673,-66.9453,236.48,4.3
2021-10-10T11:39:34.587Z,36.5089,70.8269,193.68,4.3
2021-10-10T07:47:05.727Z,-19.8404,-177.6433,368.93,4.3
2021-10-10T05:04:25.346Z,-17.5057,-175.1416,295.63,4.3
2021-10-09T13:23:09.463Z,-14.9532,-73.4454,10,4.3
2021-10-09T07:15:13.245Z,-21.7881,-68.8155,104.61,4.3
2021-10-09T06:23:48.268Z,-6.7534,155.7168,107.48,4.3
2021-10-09T05:21:00.488Z,-15.6174,-71.9422,10,4.3
2021-10-09T02:16:19.389Z,35.5564,140.1705,73.39,4.3
2021-10-08T23:53:31.795Z,35.6088,82.4066,10,4.3
2021-10-08T18:06:13.917Z,-56.5758,-69.3317,10,4.3
2021-10-08T16:26:54.607Z,-24.1928,-67.0977,199.9,4.3
2021-10-08T12:44:39.762Z,2.0265,128.5349,64.74,4.3
2021-10-08T06:43:07.630Z,-23.9161,-66.7711,204.23,4.3
2021-10-08T03:25:57.263Z,-25.973,-178.9492,461.88,4.3
2021-10-07T11:03:25.050Z,2.6097,128.2987,150.68,4.3
2021-10-07T10:38:04.563Z,-6.8107,132.4209,58.08,4.3
2021-10-07T05:59:08.788Z,-2.4287,-78.7198,92.59,4.3
2021-10-07T02:22:39.672Z,39.3714,20.6972,10,4.3
2021-10-06T19:15:14.890Z,-18.9686,169.0359,171.77,4.3
2021-10-06T14:30:38.896Z,52.7487,159.5665,60.48,4.3
2021-10-06T05:21:50.915Z,53.4847,-163.5183,10,4.3
2021-10-06T01:00:52.396Z,-31.0391,-179.8591,343.55,4.3
2021-10-05T23:10:02.683Z,4.8459,127.0294,73.16,4.3
2021-10-05T16:57:02.448Z,-22.1955,174.0588,10,4.3
2021-10-05T14:45:49.687Z,4.8746,127.111,35,4.3
2021-10-05T13:43:59.437Z,-18.9205,169.4377,250.41,4.3
2021-10-05T02:05:52.834Z,39.3165,20.6462,10,4.3
2021-10-04T21:31:53.749Z,16.6959,121.6086,10,4.3
2021-10-03T18:33:58.932Z,13.2676,121.5634,79,4.3
2021-10-03T13:24:16.919Z,-22.8035,-179.6151,576.65,4.3
2021-10-03T08:38:34.025Z,-36.8932,-74.1431,10,4.3
2021-10-03T01:17:50.411Z,-16.2762,-69.6978,219.41,4.3
2021-10-03T00:45:43.826Z,13.8357,120.6333,157.82,4.3
2021-10-02T18:40:56.009Z,2.5203,95.6603,10,4.3
2021-10-02T15:08:05.193Z,-25.5181,179.6367,505.55,4.3
2021-10-02T08:06:55.620Z,-6.818,125.1036,539.49,4.3
2021-10-02T07:14:49.813Z,-21.0959,175.3321,565.9,4.3
2021-10-02T01:41:04.387Z,-15.1259,167.6396,121.38,4.3
2021-10-01T22:59:04.875Z,-24.2973,-70.2209,79.93,4.3
2021-10-01T07:25:58.860Z,-3.7464,149.8261,10,4.3
2021-09-30T20:33:01.221Z,25.5571,-109.6688,10,4.3
2021-09-30T20:19:54.955Z,-19.363,-70.2993,37.99,4.3
2021-09-30T19:48:35.936Z,-22.5822,-174.4541,10,4.3
2021-09-30T15:09:24.115Z,-21.1086,-68.8336,145.22,4.3
2021-09-30T03:52:24.712Z,41.034,142.118,49.89,4.3
2021-09-29T23:27:41.463Z,36.4546,27.1772,25.62,4.3
2021-09-29T10:49:14.576Z,-6.6707,129.5247,156.56,4.3
2021-09-28T17:38:05.055Z,32.4874,-39.7177,10,4.3
2021-09-28T16:52:44.920Z,27.5144,52.6885,10,4.3
2021-09-28T15:11:47.221Z,30.4798,69.9279,10,4.3
2021-09-28T11:46:12.021Z,34.5294,45.3747,10,4.3
2021-09-28T06:53:24.690Z,1.8117,99.0261,10,4.3
2021-09-28T02:14:03.472Z,21.0474,121.9011,180,4.3
2021-09-27T23:06:11.188Z,-18.0121,-178.4017,589.53,4.3
2021-09-27T22:35:19.200Z,1.9819,128.2831,111.04,4.3
2021-09-27T21:37:11.444Z,35.2314,25.3177,10,4.3
2021-09-27T17:21:15.559Z,18.1599,145.7865,154.18,4.3
2021-09-27T17:20:40.467Z,30.8926,-114.0822,10,4.3
2021-09-27T15:30:39.142Z,38.1263,141.9171,57.48,4.3
2021-09-27T15:16:31.401Z,-29.993,-177.7331,10,4.3
2021-09-27T14:51:13.372Z,-22.275,170.5126,35,4.3
2021-09-27T10:23:13.528Z,35.273,25.295,10,4.3
2021-09-27T04:52:35.352Z,-58.6591,-23.498,10,4.3
2021-09-27T04:41:28.232Z,36.6582,71.1186,209.77,4.3
2021-09-26T15:34:49.810Z,-18.6033,-174.5181,90.71,4.3
2021-09-26T13:07:19.360Z,-6.0207,129.8558,139.17,4.3
2021-09-26T12:00:57.429Z,-2.9818,100.0251,10,4.3
2021-09-26T08:55:26.392Z,74.0962,-73.4254,10,4.3
2021-09-26T06:41:32.916Z,21.5948,144.9593,49.73,4.3
2021-09-26T06:35:03.027Z,-59.7451,-25.9378,23.81,4.3
2021-09-26T06:01:54.689Z,-15.559,-173.274,35,4.3
2021-09-26T03:56:16.565Z,85.5125,86.8217,10,4.3
2021-09-26T01:54:33.525Z,-18.2155,-178.0479,541.34,4.3
2021-09-25T09:04:16.424Z,-49.3248,114.4243,10,4.3
2021-09-25T08:45:25.427Z,-0.7884,-13.2396,10,4.3
2021-09-25T03:40:11.745Z,54.7744,161.5022,35,4.3
2021-09-25T01:09:53.401Z,12.1357,-87.9138,35,4.3
2021-09-24T23:43:12.319Z,36.7217,42.3937,10,4.3
2021-10-24T14:41:01.109Z,16.0937,-97.8692,19.57,4.4
2021-10-24T10:22:21.717Z,10.8761,-86.4084,35,4.4
2021-10-24T08:20:21.446Z,16.0114,-60.3382,38.34,4.4
2021-10-22T11:14:49.880Z,-22.1493,-69.1924,108.89,4.4
2021-10-21T20:22:10.708Z,16.1762,-93.7357,100.84,4.4
2021-10-21T18:44:34.553Z,62.9283,-148.3227,71.9,4.4
2021-10-20T15:05:47.613Z,38.6271,43.3325,10,4.4
2021-10-19T22:12:24.579Z,10.966,124.8438,10,4.4
2021-10-19T05:13:07.838Z,9.4901,-85.9802,12.86,4.4
2021-10-18T17:59:48.093Z,-23.4314,172.3768,10,4.4
2021-10-18T11:16:00.247Z,12.2525,-88.0722,35,4.4
2021-10-18T07:35:37.369Z,65.3154,-133.4311,5.29,4.4
2021-10-17T23:26:32.998Z,16.7212,-93.9254,113.09,4.4
2021-10-17T21:56:32.119Z,29.9239,68.2868,21.86,4.4
2021-10-17T20:13:29.706Z,41.781,19.6552,10,4.4
2021-10-17T16:47:57.932Z,49.3056,155.8794,58.7,4.4
2021-10-17T16:32:51.103Z,14.5064,123.3527,32.58,4.4
2021-10-17T15:02:09.179Z,-2.0417,125.7521,10,4.4
2021-10-17T13:04:03.980Z,-26.0267,-71.1255,12.46,4.4
2021-10-17T07:38:47.674Z,-11.9145,167.0293,79.26,4.4
2021-10-17T07:29:43.520Z,-23.9741,-67.0051,219.92,4.4
2021-10-16T18:45:01.303Z,-31.701,-72.0532,10,4.4
2021-10-16T18:34:37.878Z,-36.9059,-74.0571,10,4.4
2021-10-16T12:53:41.392Z,-11.5806,-77.5894,51.13,4.4
2021-10-16T07:42:59.932Z,-5.7975,130.5637,82.58,4.4
2021-10-15T20:34:06.072Z,-7.1329,104.1111,35.33,4.4
2021-10-15T17:14:13.264Z,-19.802,-177.7603,398.62,4.4
2021-10-15T11:38:30.064Z,-24.0282,-66.9889,237.95,4.4
2021-10-15T10:57:36.649Z,-27.7555,-71.1613,21.18,4.4
2021-10-15T03:59:36.671Z,-6.4171,149.3218,47.19,4.4
2021-10-15T00:07:59.247Z,-29.0151,-176.4824,10,4.4
2021-10-14T21:10:01.882Z,44.1818,120.19,10,4.4
2021-10-14T17:21:03.479Z,13.6059,123.302,35,4.4
2021-10-14T15:32:07.069Z,1.1921,126.2553,60.2,4.4
2021-10-14T03:22:00.776Z,-16.2559,-73.0547,52.03,4.4
2021-10-13T22:05:03.278Z,-15.7544,167.9354,201.23,4.4
2021-10-13T22:00:34.131Z,-24.5659,-67.9357,150.95,4.4
2021-10-13T18:22:51.183Z,36.063,21.7265,10,4.4
2021-10-13T17:48:09.450Z,4.3648,123.3591,502.56,4.4
2021-10-13T06:43:46.539Z,28.9613,131.4977,36.81,4.4
2021-10-13T06:02:40.024Z,41.852,83.7609,10,4.4
2021-10-12T09:36:26.949Z,34.8373,26.3556,10,4.4
2021-10-12T00:33:44.578Z,0.3763,-80.3246,10,4.4
2021-10-11T19:17:00.270Z,-0.9403,97.4199,10,4.4
2021-10-11T16:35:48.224Z,-7.5197,128.1713,156.05,4.4
2021-10-11T14:43:20.315Z,34.1319,26.0136,10,4.4
2021-10-10T23:21:45.696Z,-23.1039,-66.8759,234.06,4.4
2021-10-10T21:54:06.478Z,0.8683,126.4264,35,4.4
2021-10-10T15:44:31.579Z,38.6105,43.1477,10,4.4
2021-10-10T15:43:39.556Z,-17.8582,-178.4205,562.65,4.4
2021-10-10T15:22:41.136Z,25.2297,124.7191,89.28,4.4
2021-10-09T23:11:00.019Z,-15.5959,-72.2667,10,4.4
2021-10-09T15:45:16.407Z,-17.8716,-178.1299,633.88,4.4
2021-10-08T20:11:09.605Z,-7.8301,130.245,10,4.4
2021-10-08T16:34:53.298Z,-4.6576,153.8569,95.02,4.4
2021-10-08T08:43:00.427Z,-34.4896,-178.8859,10,4.4
2021-10-08T05:38:46.439Z,-49.0746,124.7464,10,4.4
2021-10-08T04:55:59.297Z,-34.8523,-179.2887,35,4.4
2021-10-08T01:25:08.514Z,29.6733,142.2134,10,4.4
2021-10-07T21:45:19.869Z,12.0099,-89.5197,10,4.4
2021-10-07T20:11:50.299Z,35.5528,140.1119,69.52,4.4
2021-10-07T19:17:02.660Z,0.3681,126.0736,48.7,4.4
2021-10-07T18:21:34.010Z,14.6989,52.2011,10,4.4
2021-10-07T17:53:21.465Z,17.0399,-60.3081,10,4.4
2021-10-07T17:43:01.175Z,-6.3643,130.0707,132.11,4.4
2021-10-07T17:31:14.576Z,32.2998,49.7087,10,4.4
2021-10-06T17:39:39.496Z,-12.0533,166.8276,202.46,4.4
2021-10-06T06:42:48.873Z,53.467,-163.5188,10,4.4
2021-10-05T22:59:19.346Z,53.6537,-163.2612,21.99,4.4
2021-10-05T22:33:41.000Z,40.1318,142.1822,56.89,4.4
2021-10-05T16:10:38.969Z,-4.1082,133.0321,10,4.4
2021-10-05T14:22:01.845Z,40.3277,143.9091,10,4.4
2021-10-05T05:44:23.372Z,2.8751,128.0841,118.66,4.4
2021-10-05T04:11:07.089Z,-6.1807,129.8577,10,4.4
2021-10-05T01:19:55.464Z,-18.4462,-67.0619,257.24,4.4
2021-10-05T00:20:10.360Z,36.479,71.3025,125.79,4.4
2021-10-04T21:45:30.189Z,36.9747,69.996,10,4.4
2021-10-04T20:40:04.080Z,-6.0941,130.4137,133.6,4.4
2021-10-04T18:36:47.045Z,1.9208,128.2333,107.02,4.4
2021-10-04T18:17:45.042Z,-55.9012,-27.4872,115.58,4.4
2021-10-04T16:10:25.711Z,38.2604,74.1028,162.67,4.4
2021-10-04T14:03:23.534Z,36.4451,27.1903,9.86,4.4
2021-10-04T03:39:33.051Z,-8.9399,160.7531,10,4.4
2021-10-03T19:44:34.834Z,-0.4025,124.3859,80.46,4.4
2021-10-03T02:10:58.810Z,37.4618,137.1153,10,4.4
2021-10-02T20:55:42.450Z,13.0286,121.1312,10,4.4
2021-10-02T16:17:15.977Z,29.3928,142.6016,10,4.4
2021-10-02T16:09:03.953Z,17.3276,145.9258,143.41,4.4
2021-10-02T05:15:40.536Z,-14.6928,-173.1326,10,4.4
2021-10-01T03:06:34.923Z,-8.2938,-74.8398,141.47,4.4
2021-09-30T21:27:45.271Z,25.4511,-109.4361,10,4.4
2021-09-30T13:05:36.409Z,11.7507,95.2935,24.04,4.4
2021-09-30T10:36:37.167Z,36.4019,71.2794,122.11,4.4
2021-09-29T22:58:29.741Z,-58.2784,-23.0652,10,4.4
2021-09-29T22:14:41.747Z,27.714,127.6571,135.05,4.4
2021-09-29T01:26:03.638Z,-20.8805,-69.0296,109.56,4.4
2021-09-28T11:10:19.632Z,3.13,126.1972,94.09,4.4
2021-09-27T16:15:31.034Z,35.1391,25.1837,11.18,4.4
2021-09-27T15:42:19.712Z,-60.6574,-23.9848,10,4.4
2021-09-27T14:22:48.678Z,35.1677,25.188,10,4.4
2021-09-27T10:34:22.676Z,35.2296,25.3292,10,4.4
2021-09-27T08:21:58.676Z,35.2095,25.3861,10,4.4
2021-09-27T07:21:41.916Z,-36.9124,-74.0156,25.47,4.4
2021-09-26T17:40:51.605Z,13.868,120.6696,103.85,4.4
2021-09-26T17:28:54.301Z,-20.8788,168.5614,10,4.4
2021-09-26T16:06:16.548Z,82.9769,-25.3485,10,4.4
2021-09-26T14:21:11.840Z,-6.2858,154.4765,35,4.4
2021-09-26T14:05:38.115Z,-19.3415,-177.2395,573.53,4.4
2021-09-26T10:03:48.638Z,58.0888,-32.5266,10,4.4
2021-09-26T09:50:13.659Z,-30.0052,-71.3745,44.83,4.4
2021-09-26T06:59:40.324Z,-9.1068,-75.3637,118.57,4.4
2021-09-26T03:19:49.718Z,-23.9251,-66.9276,228.24,4.4
2021-09-26T02:45:22.347Z,12.1686,-87.8991,35,4.4
2021-09-25T21:19:34.282Z,-58.803,-24.6865,10,4.4
2021-09-25T17:22:36.549Z,-58.8349,-24.2022,10,4.4
2021-09-25T14:30:59.340Z,-20.1321,-174.225,10,4.4
2021-09-25T13:36:13.201Z,55.3335,161.0889,97.79,4.4
2021-09-25T13:26:58.113Z,-6.3892,130.0877,141.64,4.4
2021-09-25T09:24:34.850Z,30.2615,94.8136,34.18,4.4
2021-09-25T08:33:09.304Z,-58.4859,-23.586,10,4.4
2021-09-25T07:13:33.729Z,12.0175,-88.0504,36.33,4.4
2021-09-24T20:42:55.963Z,2.9521,-78.2787,10,4.4
2021-10-14T03:12:56.650Z,18.3885,-68.221,143,4.45
2021-10-23T10:32:43.231Z,-6.9231,129.9346,140.01,4.5
2021-10-22T14:21:03.233Z,-18.6378,-177.6431,655.67,4.5
2021-10-22T10:11:31.119Z,35.0853,25.2029,10,4.5
2021-10-22T05:19:50.738Z,14.4566,123.3568,69,4.5
2021-10-19T22:10:48.696Z,41.5739,142.9269,40.59,4.5
2021-10-19T19:53:26.476Z,8.1065,-83.2424,46.62,4.5
2021-10-19T15:18:19.368Z,41.6494,142.7759,50.38,4.5
2021-10-18T11:27:13.255Z,-24.0992,-67.3258,218.89,4.5
2021-10-18T00:37:01.344Z,29.2739,104.0985,10,4.5
2021-10-17T20:11:58.726Z,36.1397,70.7078,93.18,4.5
2021-10-17T15:51:35.992Z,6.3622,-73.4851,119.01,4.5
2021-10-17T15:17:05.894Z,49.2852,155.9014,54.56,4.5
2021-10-17T04:58:06.881Z,6.2127,-82.6248,10,4.5
2021-10-17T02:36:53.992Z,-58.4967,-25.6144,78.09,4.5
2021-10-16T04:46:05.740Z,-0.3636,29.9453,10,4.5
2021-10-15T21:12:44.241Z,-20.2662,-173.6829,10,4.5
2021-10-15T19:48:34.021Z,1.4256,97.055,25.38,4.5
2021-10-15T17:55:21.523Z,5.4921,126.9907,111.66,4.5
2021-10-15T17:42:25.708Z,9.9933,41.6294,13.03,4.5
2021-10-15T03:53:27.825Z,-24.4347,-68.9389,92.4,4.5
2021-10-15T03:30:36.171Z,3.6021,123.2846,477,4.5
2021-10-14T07:14:34.550Z,6.0204,126.0136,145.42,4.5
2021-10-13T22:25:57.630Z,-14.148,167.3859,197.91,4.5
2021-10-13T14:21:48.777Z,13.8224,-90.6391,98.94,4.5
2021-10-13T06:48:05.574Z,-4.4452,152.8053,10,4.5
2021-10-12T17:47:04.057Z,-24.2838,-179.915,513.9,4.5
2021-10-12T14:12:29.498Z,51.8606,156.9662,129.79,4.5
2021-10-12T09:20:38.416Z,12.8557,144.2894,35,4.5
2021-10-11T19:24:54.298Z,-30.7078,-177.1991,10,4.5
2021-10-11T16:49:15.903Z,-17.1444,-174.6911,197.48,4.5
2021-10-11T07:45:10.332Z,-7.0554,156.051,79.06,4.5
2021-10-11T04:26:00.716Z,-4.7324,-106.2018,10,4.5
2021-10-11T02:14:50.653Z,-22.3968,-67.3437,178.19,4.5
2021-10-10T21:52:04.961Z,32.29,49.6449,10,4.5
2021-10-10T15:54:31.169Z,57.7871,-32.7005,10,4.5
2021-10-10T15:13:45.594Z,-6.3962,149.1947,35,4.5
2021-10-10T15:05:36.182Z,-11.6105,-71.6396,54.29,4.5
2021-10-10T15:02:41.378Z,30.0463,67.941,10,4.5
2021-10-10T11:32:36.583Z,3.3673,122.9645,552.46,4.5
2021-10-10T09:23:30.258Z,-16.6077,-72.1844,90.09,4.5
2021-10-09T14:31:20.641Z,-15.6781,-72.1257,10,4.5
2021-10-08T08:21:42.654Z,-34.3367,-179.0628,10,4.5
2021-10-08T03:34:03.692Z,-34.8158,-179.431,24.15,4.5
2021-10-07T20:20:24.069Z,-58.8498,158.836,10,4.5
2021-10-06T23:40:21.654Z,2.5792,128.336,175.97,4.5
2021-10-06T20:41:17.472Z,-22.9583,173.0609,10,4.5
2021-10-06T03:42:22.013Z,53.4836,-163.4948,11.68,4.5
2021-10-06T02:55:31.243Z,43.1908,146.7208,66.07,4.5
2021-10-05T23:27:56.040Z,30.3852,94.8146,10,4.5
2021-10-05T16:08:06.692Z,-17.9287,-178.4967,563.55,4.5
2021-10-05T08:51:08.115Z,2.7574,122.3383,533.94,4.5
2021-10-04T21:06:32.940Z,38.1597,142.0234,45.5,4.5
2021-10-04T16:37:02.644Z,-33.3063,-178.9132,35,4.5
2021-10-04T15:46:21.524Z,-17.0341,-173.6243,62.61,4.5
2021-10-04T15:25:51.824Z,9.7691,122.3461,35.22,4.5
2021-10-03T22:05:49.784Z,5.9987,126.0944,130.49,4.5
2021-10-03T15:53:37.261Z,52.1026,-171.2098,45.58,4.5
2021-10-03T01:34:17.218Z,43.9287,148.2937,40.96,4.5
2021-10-03T00:22:41.782Z,-9.2369,67.1686,10,4.5
2021-10-02T21:41:13.007Z,-56.0254,-27.6182,107.26,4.5
2021-10-02T01:46:00.228Z,-15.4948,-173.6995,35,4.5
2021-10-01T22:03:08.925Z,55.7995,163.3993,10,4.5
2021-10-01T13:33:25.417Z,26.8046,128.5696,42.91,4.5
2021-10-01T13:01:59.001Z,30.4061,94.7685,10,4.5
2021-10-01T12:48:22.493Z,18.479,121.2436,66.13,4.5
2021-10-01T07:09:27.899Z,27.694,86.111,10,4.5
2021-09-30T15:54:57.248Z,-21.0634,-68.6865,126.39,4.5
2021-09-30T09:44:11.014Z,-21.5885,-66.6785,223.35,4.5
2021-09-29T23:29:19.536Z,53.2805,170.965,29.78,4.5
2021-09-29T22:22:59.853Z,36.5029,27.1495,10,4.5
2021-09-29T22:22:19.618Z,36.4343,27.1853,27.4,4.5
2021-09-29T16:39:30.870Z,-1.3006,123.7013,10,4.5
2021-09-29T12:41:27.630Z,40.0282,71.706,43.98,4.5
2021-09-29T10:53:39.967Z,27.8253,128.9451,49.87,4.5
2021-09-28T19:04:21.968Z,-59.3996,-25.6268,35,4.5
2021-09-28T18:29:31.006Z,-47.4489,-11.7271,10,4.5
2021-09-28T12:50:32.784Z,-48.6452,107.181,10,4.5
2021-09-28T02:27:45.528Z,-23.7231,-67.8208,136.54,4.5
2021-09-27T17:56:31.456Z,-24.2257,-67.1323,175.89,4.5
2021-09-27T15:40:32.571Z,-16.3787,-173.485,57.46,4.5
2021-09-27T15:20:19.864Z,-5.5154,68.5127,10,4.5
2021-09-27T09:58:45.752Z,-30.723,-71.5157,38.65,4.5
2021-09-27T07:30:46.246Z,35.3375,25.2595,10,4.5
2021-09-26T23:19:11.314Z,-4.6385,153.0225,16.18,4.5
2021-09-26T21:57:26.770Z,29.6271,139.1557,424.15,4.5
2021-09-26T05:30:08.655Z,9.7777,123.7409,28.62,4.5
2021-09-26T04:08:36.877Z,-4.9724,68.3112,10,4.5
2021-09-26T02:24:16.531Z,-58.5812,-25.0079,33.38,4.5
2021-09-26T00:14:16.763Z,28.0556,57.0196,10,4.5
2021-09-25T21:46:37.948Z,30.6821,131.2671,38.37,4.5
2021-09-25T18:09:22.108Z,-20.4266,-68.8008,120.2,4.5
2021-09-25T06:42:22.273Z,-57.9892,-25.4371,42.35,4.5
2021-09-25T05:00:49.196Z,-5.5474,151.9818,10,4.5
2021-09-24T19:43:06.023Z,22.9345,-107.9378,10,4.5
2021-10-06T06:36:56.410Z,19.22566667,-155.398,32.69,4.55
2021-10-23T22:47:27.057Z,17.3016,-62.1067,92.71,4.6
2021-10-22T02:39:16.739Z,-9.2293,110.3822,31.36,4.6
2021-10-21T09:38:39.824Z,35.0631,25.2178,10,4.6
2021-10-21T00:12:24.081Z,43.8065,84.2733,10,4.6
2021-10-19T06:32:21.032Z,9.3291,-84.6284,10,4.6
2021-10-19T00:03:33.825Z,-31.6184,-72.0514,22.5,4.6
2021-10-18T18:01:47.492Z,-13.9681,165.8007,10,4.6
2021-10-18T02:01:23.524Z,38.2605,141.5006,73.92,4.6
2021-10-18T00:35:54.042Z,1.3105,127.97,122.9,4.6
2021-10-17T17:50:50.158Z,55.8511,113.3817,10,4.6
2021-10-16T17:47:23.606Z,60.1415,-151.4902,45.2,4.6
2021-10-16T10:08:28.172Z,0.8485,126.2646,41.29,4.6
2021-10-16T07:04:24.875Z,-42.2793,-72.2643,145.91,4.6
2021-10-15T22:44:55.036Z,7.8384,127.0741,124.23,4.6
2021-10-15T18:44:34.776Z,17.1528,-85.131,10,4.6
2021-10-14T06:22:02.782Z,-24.3206,-179.7496,529.67,4.6
2021-10-13T17:34:23.775Z,-62.918,-161.3138,10,4.6
2021-10-13T17:00:49.084Z,32.4545,133.1539,12.63,4.6
2021-10-13T09:07:41.597Z,-9.1934,-78.8425,69.74,4.6
2021-10-13T03:31:21.108Z,-16.876,-174.1679,158.25,4.6
2021-10-13T03:28:51.065Z,-0.4998,132.6916,35,4.6
2021-10-13T03:08:56.087Z,-1.147,132.9789,54.99,4.6
2021-10-12T16:53:41.801Z,-30.5861,-178.2177,34.53,4.6
2021-10-12T15:16:14.666Z,9.8619,124.2758,34.57,4.6
2021-10-12T14:06:13.132Z,47.1389,153.8876,35,4.6
2021-10-12T13:24:13.473Z,30.976,-41.355,10,4.6
2021-10-12T03:59:50.470Z,-20.0333,169.3098,66.75,4.6
2021-10-12T00:31:54.076Z,30.405,94.6879,10,4.6
2021-10-11T15:25:54.633Z,5.2029,125.3122,56.96,4.6
2021-10-11T14:20:41.581Z,-57.2722,-24.8572,10,4.6
2021-10-11T14:11:35.327Z,-4.6662,152.3943,68.21,4.6
2021-10-10T21:26:29.618Z,-17.7496,-177.7788,612.05,4.6
2021-10-10T04:06:20.712Z,-8.7782,-74.6782,138.8,4.6
2021-10-09T17:55:34.258Z,-15.6589,-71.8162,10,4.6
2021-10-09T09:33:12.911Z,15.7385,-92.2117,191.74,4.6
2021-10-09T05:38:20.459Z,1.1792,121.2694,57.81,4.6
2021-10-09T02:47:34.421Z,42.4005,141.9753,92.66,4.6
2021-10-08T09:27:58.627Z,-49.1481,124.8392,10,4.6
2021-10-07T01:05:40.236Z,-6.8531,105.0465,35,4.6
2021-10-07T00:09:20.289Z,-39.2177,174.7641,218.19,4.6
2021-10-07T00:00:57.282Z,30.1172,68.0341,10,4.6
2021-10-06T22:44:58.266Z,-5.0888,146.3141,10,4.6
2021-10-06T13:06:12.774Z,49.6424,155.713,83.34,4.6
2021-10-04T20:12:05.918Z,9.8667,122.1351,39.23,4.6
2021-10-04T12:36:16.424Z,-31.6949,-72.0985,16.49,4.6
2021-10-04T10:59:19.313Z,1.0229,126.9567,24.78,4.6
2021-10-04T03:32:02.448Z,-35.5972,179.2014,89.14,4.6
2021-10-04T00:51:21.949Z,-2.4057,138.4638,45.59,4.6
2021-10-04T00:35:26.854Z,-32.6312,-178.7114,13.98,4.6
2021-10-03T21:31:00.284Z,-24.223,-67.3601,209.23,4.6
2021-10-03T20:26:44.542Z,7.5773,-37.4173,10,4.6
2021-10-03T14:31:27.622Z,35.1442,25.2375,10,4.6
2021-10-03T08:49:38.554Z,34.3564,141.6277,10,4.6
2021-10-03T00:03:04.835Z,23.4423,143.4348,35,4.6
2021-10-02T23:33:33.833Z,12.935,121.0059,10,4.6
2021-10-02T15:57:41.558Z,22.6243,-45.1035,10,4.6
2021-10-02T09:43:10.637Z,-7.3333,154.9067,10,4.6
2021-10-01T14:42:02.405Z,-34.3755,179.5905,117.13,4.6
2021-10-01T13:42:43.364Z,-7.5756,127.8417,170.32,4.6
2021-10-01T06:03:12.532Z,-29.0748,61.267,10,4.6
2021-10-01T02:33:21.166Z,29.7755,50.523,10,4.6
2021-09-30T15:12:28.978Z,-23.8302,179.9475,539.4,4.6
2021-09-30T08:45:31.183Z,38.5137,141.9969,67.62,4.6
2021-09-29T12:43:29.331Z,19.0987,-46.114,10,4.6
2021-09-29T11:54:48.885Z,35.0268,25.1561,10,4.6
2021-09-29T11:33:36.110Z,14.5385,146.7547,30.47,4.6
2021-09-29T11:23:12.648Z,-19.0165,-172.5816,10,4.6
2021-09-29T07:46:11.950Z,41.1216,73.2692,10,4.6
2021-09-29T01:11:59.073Z,-21.5937,170.5488,146.86,4.6
2021-09-28T22:43:36.628Z,-59.6922,-26.2204,35,4.6
2021-09-28T05:08:39.666Z,-29.1224,60.7825,10,4.6
2021-09-28T01:44:06.136Z,8.0954,-38.6749,10,4.6
2021-09-28T00:44:25.083Z,-58.842,-25.1986,42.71,4.6
2021-09-27T21:53:33.472Z,34.463,8.4673,10,4.6
2021-09-27T21:52:32.245Z,-6.8502,-72.7043,10,4.6
2021-09-27T14:06:54.306Z,-20.0935,-176.2084,10,4.6
2021-09-27T11:26:38.445Z,36.7082,141.1596,51.68,4.6
2021-09-27T10:58:49.791Z,38.5989,142.0474,59.21,4.6
2021-09-27T06:37:45.052Z,35.1689,25.2732,7.37,4.6
2021-09-27T03:00:37.603Z,-59.6206,-25.7983,28.49,4.6
2021-09-26T23:06:07.234Z,-30.058,-177.4004,10,4.6
2021-09-26T22:01:17.078Z,-5.39,146.6307,164.85,4.6
2021-09-26T20:20:24.046Z,6.4557,133.7783,10,4.6
2021-09-26T17:22:17.655Z,42.2202,82.2187,10,4.6
2021-09-26T17:03:59.536Z,-30.0329,-177.466,10,4.6
2021-09-26T09:32:49.797Z,-2.3369,119.2425,35,4.6
2021-09-26T03:07:30.941Z,58.0397,-32.4175,10,4.6
2021-09-25T22:43:58.895Z,-53.2211,23.5486,10,4.6
2021-09-25T17:01:43.188Z,29.0401,141.7576,34.98,4.6
2021-09-25T16:39:45.708Z,10.2618,-69.7073,25.48,4.6
2021-09-25T13:38:24.002Z,-30.2186,-177.1328,10,4.6
2021-09-25T08:12:05.479Z,-1.9315,-12.4181,10,4.6
2021-10-24T17:47:51.915Z,86.307,34.585,10,4.7
2021-10-24T12:11:40.803Z,43.1788,-126.3945,10,4.7
2021-10-23T23:34:27.950Z,-4.6319,102.0482,66.14,4.7
2021-10-23T01:45:26.810Z,-36.9426,-72.8481,42.85,4.7
2021-10-19T21:11:18.354Z,-47.1014,165.7075,14.48,4.7
2021-10-19T01:42:28.910Z,-57.9499,-25.5233,35,4.7
2021-10-19T00:37:34.951Z,-3.6558,134.724,37.59,4.7
2021-10-18T19:47:15.157Z,-34.3652,-14.815,10,4.7
2021-10-18T18:32:15.736Z,-45.6834,-77.0966,10,4.7
2021-10-18T07:03:50.417Z,2.7512,128.0686,161.75,4.7
2021-10-17T20:37:02.044Z,79.5194,4.317,10,4.7
2021-10-17T05:18:52.873Z,-4.6094,153.0492,68.23,4.7
2021-10-16T22:15:12.645Z,-48.3983,165.1294,11.08,4.7
2021-10-16T04:17:18.071Z,12.0846,143.1452,27.48,4.7
2021-10-16T00:23:26.761Z,-0.328,29.8201,10,4.7
2021-10-15T22:08:43.090Z,12.8097,147.9362,10.11,4.7
2021-10-15T05:49:29.143Z,-8.5508,32.1898,10,4.7
2021-10-14T12:47:56.602Z,-58.1471,-23.5821,24.36,4.7
2021-10-13T20:42:58.147Z,-35.4329,-179.3916,10,4.7
2021-10-13T02:54:27.146Z,9.6298,-84.6702,10,4.7
2021-10-12T13:38:32.237Z,-59.7331,-25.9267,10,4.7
2021-10-11T20:23:49.607Z,10.1257,-103.9609,10,4.7
2021-10-11T19:10:49.193Z,-16.8442,176.8145,10,4.7
2021-10-11T01:21:55.978Z,-57.9456,-25.2971,35,4.7
2021-10-10T16:29:40.747Z,30.3872,94.7873,10,4.7
2021-10-10T16:11:25.699Z,27.4482,55.2274,10,4.7
2021-10-10T14:28:26.732Z,-57.1909,-24.7614,10,4.7
2021-10-10T14:28:12.170Z,-56.1551,-126.8544,10,4.7
2021-10-10T02:57:14.546Z,-16.539,177.6292,10,4.7
2021-10-10T01:48:58.110Z,30.3576,94.824,34.87,4.7
2021-10-09T13:09:05.698Z,-4.0669,134.0372,10,4.7
2021-10-09T05:50:11.571Z,-15.5975,-71.6721,10,4.7
2021-10-08T07:13:31.858Z,-0.0627,-17.6784,10,4.7
2021-10-06T10:47:06.723Z,-6.9778,155.3407,10,4.7
2021-10-05T11:46:02.353Z,-10.1757,161.6067,91.5,4.7
2021-10-05T02:38:20.929Z,30.3423,94.7762,34.18,4.7
2021-10-04T21:32:36.712Z,-9.4904,-74.6865,116.86,4.7
2021-10-04T17:40:53.065Z,-37.5803,78.0156,10,4.7
2021-10-04T13:36:55.764Z,-31.1316,58.808,10,4.7
2021-10-04T10:02:17.576Z,-8.2268,127.7335,46.56,4.7
2021-10-03T13:23:16.198Z,20.6386,120.0263,10,4.7
2021-10-03T06:19:57.132Z,38.0214,73.1878,44.76,4.7
2021-10-02T23:22:18.622Z,2.5465,129.0426,10,4.7
2021-10-02T06:45:24.520Z,-21.5682,174.6855,526.45,4.7
2021-10-02T06:28:42.198Z,-7.1875,155.0717,10,4.7
2021-10-02T04:36:19.726Z,-21.7765,-68.4555,111.42,4.7
2021-10-01T23:56:38.484Z,84.6555,102.615,10,4.7
2021-10-01T21:21:41.667Z,52.2064,-176.1481,129.14,4.7
2021-10-01T14:12:52.714Z,55.9084,-156.3262,45.2,4.7
2021-09-30T08:47:08.234Z,18.9752,122.2427,30.13,4.7
2021-09-30T02:08:10.004Z,18.4122,145.9661,100,4.7
2021-09-29T11:02:10.684Z,57.9452,-32.1107,10,4.7
2021-09-29T01:14:31.894Z,-11.4819,-13.6241,10,4.7
2021-09-28T15:13:16.867Z,35.2054,25.2791,10,4.7
2021-09-28T00:41:59.067Z,-30.2307,-177.6279,15.17,4.7
2021-09-27T20:10:01.488Z,35.1931,25.2262,10,4.7
2021-09-26T18:58:59.617Z,10.4429,138.9234,10,4.7
2021-09-26T08:59:53.459Z,-2.8574,100.0778,35,4.7
2021-09-26T01:40:30.250Z,-53.4552,23.8268,10,4.7
2021-09-25T20:50:20.541Z,-53.3503,23.3447,10,4.7
2021-09-25T15:45:08.091Z,-20.3493,-174.4073,10,4.7
2021-09-25T08:53:09.490Z,-15.2073,-175.4055,10,4.7
2021-09-25T02:56:06.547Z,70.1492,129.7488,10,4.7
2021-09-24T19:58:59.013Z,-59.7815,-151.2166,10,4.7
2021-10-24T14:56:44.003Z,-57.3052,-25.3153,35,4.8
2021-10-24T03:22:10.045Z,1.5675,126.4385,41.76,4.8
2021-10-23T08:21:44.435Z,-24.1692,-67.187,163.79,4.8
2021-10-21T08:12:57.510Z,35.191,25.2537,10,4.8
2021-10-21T03:37:20.210Z,-16.8559,-172.7038,10,4.8
2021-10-20T09:21:11.485Z,-8.2556,116.7935,10,4.8
2021-10-20T04:45:41.855Z,43.2441,45.5995,10,4.8
2021-10-20T03:28:34.505Z,21.8424,144.4228,88.43,4.8
2021-10-19T00:44:09.237Z,22.5257,92.7906,35,4.8
2021-10-18T06:24:16.346Z,-25.5621,-179.9818,498.5,4.8
2021-10-18T05:49:18.230Z,24.2087,121.6783,35.61,4.8
2021-10-17T15:49:31.360Z,40.9682,142.1452,67.87,4.8
2021-10-17T01:12:40.867Z,28.7103,138.1871,525.99,4.8
2021-10-16T15:35:02.553Z,21.1965,121.1064,10,4.8
2021-10-16T11:46:02.790Z,31.0265,56.4279,10,4.8
2021-10-15T23:17:26.272Z,-5.0628,102.885,48.88,4.8
2021-10-13T05:24:46.598Z,-58.8254,-25.1759,35,4.8
2021-10-12T01:55:00.780Z,-40.186,173.4811,168.7,4.8
2021-10-11T03:09:54.480Z,-9.0318,122.385,97.92,4.8
2021-10-10T23:27:58.604Z,-33.6106,-177.9568,10,4.8
2021-10-10T16:09:35.266Z,57.8576,-32.7378,10,4.8
2021-10-09T23:33:46.390Z,-21.1246,-68.884,115.42,4.8
2021-10-09T06:54:12.456Z,63.3751,158.3556,10,4.8
2021-10-08T21:53:42.819Z,-56.5511,-25.3636,10,4.8
2021-10-08T18:28:23.970Z,18.0105,-65.3871,11,4.8
2021-10-08T15:53:38.307Z,-19.4451,-173.4776,10,4.8
2021-10-08T00:22:44.726Z,-58.3949,158.4445,10,4.8
2021-10-07T19:17:39.981Z,-21.8233,169.1902,10,4.8
2021-10-05T19:37:48.025Z,6.8571,-73.0503,145.95,4.8
2021-10-04T19:36:33.684Z,-17.5908,-174.0769,98.29,4.8
2021-10-04T01:24:01.621Z,-60.0801,-27.4358,79.46,4.8
2021-10-02T04:45:24.828Z,30.3661,94.8646,33.6,4.8
2021-10-01T21:47:01.356Z,-20.8136,169.2658,35,4.8
2021-10-01T02:59:37.522Z,-8.4163,156.4479,10,4.8
2021-10-01T00:24:39.892Z,51.9458,-171.1386,35,4.8
2021-09-30T13:04:13.421Z,36.6494,71.0771,213.77,4.8
2021-09-30T07:38:11.188Z,-29.9943,-177.2801,21.49,4.8
2021-09-29T17:05:54.100Z,-22.8358,171.7233,10,4.8
2021-09-29T15:48:54.797Z,5.5474,124.7934,35,4.8
2021-09-29T07:23:41.880Z,-18.3283,-177.8163,517.09,4.8
2021-09-28T19:41:03.469Z,-22.4096,179.5646,573.84,4.8
2021-09-28T17:38:21.479Z,32.602,-40.1483,10,4.8
2021-09-27T11:02:25.962Z,35.0447,25.2053,10,4.8
2021-09-26T22:57:51.761Z,13.9004,120.837,90.8,4.8
2021-09-26T19:46:07.604Z,10.5024,138.9374,10,4.8
2021-09-25T19:55:05.845Z,-23.8424,-66.8659,209.76,4.8
2021-09-25T13:42:46.873Z,-30.0723,-177.1817,10,4.8
2021-09-25T03:12:14.546Z,16.8343,-61.1656,33.27,4.8
2021-10-23T14:17:52.692Z,-37.5163,50.8989,10,4.9
2021-10-22T02:09:47.947Z,-49.0821,-8.7474,10,4.9
2021-10-21T06:05:11.184Z,27.7052,58.3722,10,4.9
2021-10-20T19:37:07.570Z,-57.7058,-25.0553,35,4.9
2021-10-20T06:10:51.668Z,-2.3171,139.2108,43.93,4.9
2021-10-19T23:30:05.962Z,50.2508,178.7926,10,4.9
2021-10-17T15:57:34.129Z,-14.8249,167.9587,10,4.9
2021-10-16T17:33:17.177Z,-52.3807,13.4991,10,4.9
2021-10-16T16:05:28.992Z,-31.0797,-177.5661,10,4.9
2021-10-16T07:07:43.656Z,11.5443,-60.0351,37.05,4.9
2021-10-16T02:35:18.009Z,-59.6597,-26.2423,55.66,4.9
2021-10-16T02:02:12.947Z,45.8468,149.2681,142.18,4.9
2021-10-15T16:54:48.080Z,8.8327,126.3554,65.95,4.9
2021-10-14T21:19:05.832Z,6.7359,127.3306,10,4.9
2021-10-14T20:49:18.495Z,-7.0946,130.0521,97.67,4.9
2021-10-13T09:57:27.898Z,-7.1823,129.4314,143.65,4.9
2021-10-13T09:54:28.907Z,-4.2422,152.9254,10,4.9
2021-10-13T09:49:09.863Z,-58.6253,-25.1354,35,4.9
2021-10-13T05:00:43.652Z,-9.0481,110.9264,47.95,4.9
2021-10-12T18:44:06.972Z,-5.7399,149.0643,127.87,4.9
2021-10-12T04:00:04.927Z,-15.6921,-72.0003,10,4.9
2021-10-12T03:35:43.515Z,25.4799,126.497,29.15,4.9
2021-10-12T00:29:58.728Z,-59.7882,-26.8479,35,4.9
2021-10-11T18:25:48.424Z,51.4765,-174.4297,35,4.9
2021-10-10T14:16:15.940Z,42.3455,143.0753,61.69,4.9
2021-10-10T05:25:38.776Z,-56.6922,-27.3418,147.93,4.9
2021-10-09T06:05:32.131Z,32.3765,49.7486,10,4.9
2021-10-09T05:36:57.202Z,30.3574,94.8297,34.56,4.9
2021-10-08T16:47:26.868Z,-35.4511,141.0099,10,4.9
2021-10-08T13:24:14.677Z,-6.076,151.7018,10,4.9
2021-10-07T05:13:01.266Z,-8.2851,119.5236,186.86,4.9
2021-10-07T04:18:42.590Z,24.5198,122.5545,81.13,4.9
2021-10-06T19:57:33.511Z,43.6811,16.8584,10,4.9
2021-10-04T19:06:41.058Z,-5.439,142.2759,52.28,4.9
2021-10-04T18:32:02.805Z,-23.6304,179.4125,528.22,4.9
2021-10-04T17:31:00.019Z,-60.3758,-27.5183,10,4.9
2021-10-04T13:06:21.280Z,-60.2124,-25.0853,10,4.9
2021-10-04T06:07:51.418Z,24.7308,122.2169,10,4.9
2021-10-04T03:24:20.053Z,30.3352,94.7958,10,4.9
2021-10-03T21:09:59.444Z,11.1046,-86.8318,35,4.9
2021-10-03T09:45:56.726Z,-19.1711,169.1479,147.46,4.9
2021-10-01T11:15:51.662Z,-8.1715,118.1075,36.67,4.9
2021-09-29T03:23:22.275Z,56.2561,117.5879,10,4.9
2021-09-28T17:27:01.037Z,-24.5312,-178.8524,353.49,4.9
2021-09-28T16:26:55.311Z,10.4867,139.0038,10,4.9
2021-09-26T23:24:59.261Z,-59.5023,-25.7455,35,4.9
2021-10-23T23:08:28.945Z,8.5344,127.1032,10,5
2021-10-23T08:00:42.431Z,-57.4893,-25.7397,55.46,5
2021-10-23T02:13:56.517Z,-33.2638,-71.7769,34.99,5
2021-10-22T21:59:46.002Z,-17.1111,-173.8391,73.82,5
2021-10-17T12:05:18.385Z,49.2314,155.9782,54.2,5
2021-10-13T10:51:47.685Z,-7.0998,130.0563,91.46,5
2021-10-13T06:25:38.423Z,-4.1282,152.9102,10,5
2021-10-12T04:51:47.693Z,6.8143,-72.9894,151.13,5
2021-10-11T23:30:21.616Z,6.114,126.9141,69.81,5
2021-10-11T17:30:29.810Z,0.8374,126.132,24.97,5
2021-10-11T15:27:49.060Z,0.8919,126.1283,10,5
2021-10-09T05:31:59.595Z,40.0765,142.2057,52.66,5
2021-10-08T22:55:34.735Z,-60.1841,-24.3033,10,5
2021-10-08T03:12:13.099Z,-58.0767,-23.3588,10,5
2021-10-08T00:09:46.280Z,-32.0527,55.736,10,5
2021-10-06T23:38:09.136Z,-25.228,-64.5252,10,5
2021-10-05T09:07:33.411Z,-59.095,-23.0103,10,5
2021-10-05T01:12:16.136Z,13.7792,93.6855,60.3,5
2021-10-01T03:49:28.998Z,30.3403,94.8375,31.32,5
2021-09-28T06:25:11.818Z,0.5212,126.4469,20.07,5
2021-09-25T22:21:19.013Z,24.2961,121.7394,45.47,5
2021-09-25T04:41:07.930Z,30.3557,94.7747,31.65,5
2021-10-23T03:16:01.816Z,24.0245,121.785,10,5.1
2021-10-23T03:10:02.788Z,51.5135,178.8367,53.74,5.1
2021-10-22T23:03:07.857Z,51.3611,90.8294,10,5.1
2021-10-20T06:38:29.655Z,-11.8553,166.8466,205.22,5.1
2021-10-19T12:36:39.360Z,41.5451,142.8623,44.38,5.1
2021-10-18T22:23:37.780Z,-45.6017,-76.9743,10,5.1
2021-10-17T02:32:06.430Z,29.4073,130.7267,20.69,5.1
2021-10-17T02:30:57.016Z,-29.9485,-177.3935,10,5.1
2021-10-16T22:56:15.723Z,15.501,-49.9741,10,5.1
2021-10-16T13:24:11.927Z,-58.8994,-24.8422,52.3,5.1
2021-10-15T20:18:20.942Z,-8.3517,115.4617,10,5.1
2021-10-09T10:39:14.075Z,-4.4957,153.4247,63.15,5.1
2021-10-08T23:16:26.479Z,32.3379,49.7282,10,5.1
2021-10-08T21:39:26.399Z,-56.5862,-25.6598,20.44,5.1
2021-10-05T18:03:42.778Z,25.6386,125.0477,10,5.1
2021-10-05T07:59:57.586Z,36.865,66.6796,10,5.1
2021-10-04T14:51:45.585Z,-60.3668,-27.1059,10,5.1
2021-10-04T04:12:42.100Z,-46.9621,33.7378,10,5.1
2021-10-03T05:49:10.460Z,-33.6638,-179.3408,44.85,5.1
2021-10-02T00:54:28.135Z,-7.2413,154.9331,10,5.1
2021-09-30T12:07:54.395Z,-13.7877,167.1162,170.23,5.1
2021-09-29T05:36:15.127Z,-59.112,-25.6267,65.22,5.1
2021-09-27T05:40:36.835Z,38.0373,73.2249,10,5.1
2021-10-23T00:34:18.920Z,-56.2695,-27.9672,129.55,5.2
2021-10-17T17:39:15.124Z,49.2389,155.957,35,5.2
2021-10-12T03:19:00.492Z,30.0983,142.8481,10,5.2
2021-10-08T10:04:53.941Z,4.4084,95.4031,64.27,5.2
2021-10-04T14:28:45.495Z,-3.6619,129.5653,22.06,5.2
2021-10-01T01:15:21.889Z,29.7973,50.5043,10,5.2
2021-10-01T00:10:52.386Z,51.9879,-171.1093,35,5.2
2021-09-29T00:31:26.250Z,-15.8668,166.4868,10.5,5.2
2021-09-26T04:23:16.867Z,-58.7857,-25.729,64.27,5.2
2021-09-25T13:46:31.736Z,-26.1604,178.3802,625.98,5.2
2021-10-22T02:21:15.383Z,-8.7794,112.5219,80.08,5.3
2021-10-18T08:24:31.711Z,54.0003,158.6353,171.06,5.3
2021-10-14T03:47:04.937Z,-36.302,52.4183,10,5.3
2021-10-07T18:14:54.091Z,13.9368,120.6862,160.98,5.3
2021-10-07T17:56:15.106Z,-55.7393,-26.4704,10,5.3
2021-10-01T15:44:06.586Z,-60.5697,-26.4314,10,5.3
2021-09-29T07:53:59.089Z,-33.1658,-68.1304,30.01,5.3
2021-09-28T04:48:08.710Z,35.093,25.2054,10,5.3
2021-10-22T07:27:53.916Z,4.4347,147.283,10,5.4
2021-10-17T21:59:51.077Z,28.7036,138.1975,506.54,5.4
2021-10-16T18:27:28.934Z,18.7026,-81.7062,10,5.4
2021-10-13T07:55:30.094Z,-50.3132,-72.2429,17.01,5.4
2021-10-12T06:04:10.975Z,-21.3751,174.4609,517.61,5.4
2021-10-06T15:54:20.612Z,-15.4232,-173.2747,35,5.4
2021-10-06T08:12:55.045Z,31.2593,131.471,35,5.4
2021-10-05T17:30:27.543Z,25.7446,125.0424,8.38,5.4
2021-10-02T21:59:26.707Z,12.8702,120.9053,8.77,5.4
2021-10-21T08:36:47.362Z,32.1004,138.2208,335.52,5.5
2021-10-14T15:16:28.914Z,1.2098,126.1603,33.9,5.5
2021-10-09T20:01:50.856Z,-4.6488,153.0318,52.86,5.5
2021-10-07T18:28:03.629Z,22.3074,94.7616,110,5.5
2021-10-04T02:39:28.598Z,32.3107,49.7251,15,5.5
2021-10-02T02:17:13.545Z,-7.0985,154.6919,10,5.5
2021-10-21T21:58:20.753Z,-39.0151,174.9596,226.02,5.6
2021-10-19T10:28:45.829Z,-21.2434,-175.7779,10,5.6
2021-10-14T05:51:56.230Z,-15.0996,167.3988,120.18,5.6
2021-10-09T07:19:27.705Z,50.0403,149.8981,447.83,5.6
2021-10-09T04:47:50.386Z,-15.5869,-71.8603,24.47,5.6
2021-10-11T12:34:32.285Z,0.8215,126.1888,9.19,5.7
2021-10-10T00:20:41.030Z,-11.7378,-71.7073,13.45,5.7
2021-10-05T17:46:02.054Z,40.076,142.2531,44.77,5.7
2021-10-04T06:34:14.581Z,-29.9938,-177.5211,31.78,5.7
2021-10-02T04:24:28.042Z,-14.889,-173.1067,10,5.7
2021-09-26T17:12:05.394Z,13.8684,120.4946,83,5.7
2021-10-11T23:10:00.514Z,48.2986,153.7482,70,5.8
2021-09-25T05:21:32.346Z,-53.4197,23.5583,7,5.8
2021-10-19T05:32:32.668Z,34.5883,28.3882,41.53,5.9
2021-10-07T20:13:01.195Z,-58.7608,158.6063,10,5.9
2021-10-07T13:41:24.549Z,35.5771,140.0698,62,5.9
2021-10-06T22:01:08.730Z,30.2198,68.015,9,5.9
2021-10-02T12:52:34.077Z,-9.5901,-71.1603,589,5.9
2021-10-21T08:10:43.974Z,-25.2396,179.644,497.22,6
2021-10-02T20:43:39.504Z,-9.1778,67.2614,10,6
2021-09-27T06:17:22.319Z,35.2523,25.2595,8.71,6
2021-10-18T07:26:52.398Z,-13.7397,166.9399,96.48,6.1
2021-09-29T08:37:05.768Z,38.8721,135.4642,367.7,6.1
2021-10-24T05:11:34.344Z,24.5714,121.8303,64.52,6.2
2021-10-10T21:48:36.560Z,18.82033333,-155.5271667,35.06,6.21
2021-10-04T03:54:06.825Z,-60.4129,-27.4942,10,6.3
2021-10-15T02:44:57.920Z,-8.8768,158.4815,22.55,6.4
2021-10-12T09:24:03.839Z,35.1931,26.2556,10,6.4
2021-10-11T09:10:24.682Z,56.2584,-156.5532,69.1,6.9
2021-10-09T10:58:30.852Z,-21.1717,174.5286,520.42,6.9
2021-10-02T06:29:17.897Z,-21.1265,174.8958,527,7.3
